,NewVehicleRef,Timestamp_x,segment_id,BusLane_x,DayOfWeek_x,Holiday_x,HalfHourly,timeinseconds,intersections,busstops,AvgSpeed
0,MTA NYCT_3829_1,2018-04-08 16:00:17.604000-04:00,2,False,7,1,0,57617,15,5,2.44565853659
1,MTA NYCT_3829_2,2018-04-08 19:15:25.935000-04:00,2,False,7,1,6,69325,15,5,2.26733780761
2,MTA NYCT_3830_1,2018-04-10 17:20:23.458000-04:00,2,True,2,0,2,62423,15,5,2.28071748879
3,MTA NYCT_3831_1,2018-04-06 17:12:22.248000-04:00,2,True,5,0,2,61942,15,5,1.79563291139
4,MTA NYCT_3831_1,2018-04-11 17:23:09.538000-04:00,2,True,3,0,2,62589,15,5,1.42904020752
5,MTA NYCT_3831_1,2018-04-12 16:39:22.533000-04:00,2,True,4,0,1,59962,15,5,3.78975806452
6,MTA NYCT_3832_1,2018-04-12 18:28:40-04:00,2,True,4,0,4,66520,15,5,3.28034482759
7,MTA NYCT_3833_1,2018-04-08 17:06:52-04:00,2,False,7,1,2,61612,15,5,2.09011160714
8,MTA NYCT_3833_1,2018-04-09 17:14:55-04:00,2,True,1,0,2,62095,15,5,1.7953078203
9,MTA NYCT_3833_1,2018-04-11 18:01:23-04:00,2,True,3,0,4,64883,15,5,2.28392771084
10,MTA NYCT_3833_1,2018-04-12 17:44:30-04:00,2,True,4,0,3,63870,15,5,2.61775147929
11,MTA NYCT_3834_1,2018-04-07 17:03:34-04:00,2,False,6,1,2,61414,15,5,2.3202184466
12,MTA NYCT_3834_1,2018-04-09 18:21:55-04:00,2,True,1,0,4,66115,15,5,1.74288718929
13,MTA NYCT_3834_2,2018-04-07 19:54:22-04:00,2,False,6,1,7,71662,15,5,3.31782101167
14,MTA NYCT_3835_1,2018-04-09 18:14:12-04:00,2,True,1,0,4,65652,15,5,4.72215384615
15,MTA NYCT_3837_1,2018-04-06 17:34:39-04:00,2,True,5,0,3,63279,15,5,2.02037037037
16,MTA NYCT_3837_1,2018-04-07 19:06:42-04:00,2,False,6,1,6,68802,15,5,2.22624444444
17,MTA NYCT_3837_1,2018-04-08 16:07:55-04:00,2,False,7,1,0,58075,15,5,1.9810251046
18,MTA NYCT_3837_1,2018-04-09 16:00:10-04:00,2,True,1,0,0,57610,15,5,1.82492063492
19,MTA NYCT_3838_1,2018-04-06 16:18:26-04:00,2,True,5,0,0,58706,15,5,1.62188811189
20,MTA NYCT_3881_1,2018-04-07 18:21:01-04:00,2,False,6,1,4,66061,15,5,1.60290414878
21,MTA NYCT_3881_1,2018-04-09 17:20:24-04:00,2,True,1,0,2,62424,15,5,2.0368359375
22,MTA NYCT_3881_1,2018-04-10 19:41:31-04:00,2,False,2,0,7,70891,15,5,2.19577272727
23,MTA NYCT_3882_1,2018-04-07 18:07:31-04:00,2,False,6,1,4,65251,15,5,1.7927037037
24,MTA NYCT_3882_1,2018-04-09 16:30:14-04:00,2,True,1,0,1,59414,15,5,2.34487046632
25,MTA NYCT_3882_1,2018-04-11 16:25:48-04:00,2,True,3,0,0,59148,15,5,1.54077961019
26,MTA NYCT_3882_1,2018-04-12 16:21:29-04:00,2,True,4,0,0,58889,15,5,2.41635164835
27,MTA NYCT_3883_1,2018-04-09 16:00:16-04:00,2,True,1,0,0,57616,15,5,1.902734375
28,MTA NYCT_3883_1,2018-04-11 16:20:11-04:00,2,True,3,0,0,58811,15,5,2.19620545073
29,MTA NYCT_3883_1,2018-04-12 17:42:43-04:00,2,True,4,0,3,63763,15,5,2.23112288136
30,MTA NYCT_3883_2,2018-04-09 19:42:37-04:00,2,False,1,0,7,70957,15,5,4.00385650224
31,MTA NYCT_3885_1,2018-04-12 18:38:21-04:00,2,True,4,0,5,67101,15,5,2.71890710383
32,MTA NYCT_3886_1,2018-04-08 16:51:40-04:00,2,False,7,1,1,60700,15,5,1.86575206612
33,MTA NYCT_3886_1,2018-04-09 18:25:34-04:00,2,True,1,0,4,66334,15,5,3.54501915709
34,MTA NYCT_3886_1,2018-04-10 18:20:56-04:00,2,True,2,0,4,66056,15,5,2.08771203156
35,MTA NYCT_3886_2,2018-04-08 19:33:38-04:00,2,False,7,1,7,70418,15,5,3.51180412371
36,MTA NYCT_3887_1,2018-04-07 19:08:35-04:00,2,False,6,1,6,68915,15,5,1.7266927593
37,MTA NYCT_3887_1,2018-04-09 16:48:25-04:00,2,True,1,0,1,60505,15,5,2.02228690229
38,MTA NYCT_3887_1,2018-04-10 16:28:46-04:00,2,True,2,0,0,59326,15,5,2.07521097046
39,MTA NYCT_3887_1,2018-04-11 17:53:18-04:00,2,True,3,0,3,64398,15,5,1.95661870504
40,MTA NYCT_3887_1,2018-04-12 17:12:05-04:00,2,True,4,0,2,61925,15,5,1.61142180095
41,MTA NYCT_3888_1,2018-04-09 16:14:12-04:00,2,True,1,0,0,58452,15,5,2.39531531532
42,MTA NYCT_3888_1,2018-04-11 17:36:32-04:00,2,True,3,0,3,63392,15,5,2.25816371681
43,MTA NYCT_3889_1,2018-04-09 17:42:04-04:00,2,True,1,0,3,63724,15,5,2.57775362319
44,MTA NYCT_3889_1,2018-04-11 17:05:26-04:00,2,True,3,0,2,61526,15,5,1.7164274571
45,MTA NYCT_3889_2,2018-04-06 18:53:04-04:00,2,True,5,0,5,67984,15,5,2.92802083333
46,MTA NYCT_3890_1,2018-04-06 17:05:35-04:00,2,True,5,0,2,61535,15,5,2.02689727463
47,MTA NYCT_3890_1,2018-04-10 16:47:08-04:00,2,True,2,0,1,60428,15,5,2.0963654224
48,MTA NYCT_3891_1,2018-04-06 16:04:45-04:00,2,True,5,0,0,57885,15,5,2.43286036036
49,MTA NYCT_3891_1,2018-04-08 17:39:35-04:00,2,False,7,1,3,63575,15,5,2.26042889391
50,MTA NYCT_3891_1,2018-04-12 16:54:41-04:00,2,True,4,0,1,60881,15,5,1.76914396887
51,MTA NYCT_3893_2,2018-04-08 18:45:08-04:00,2,False,7,1,5,67508,15,5,3.39496551724
52,MTA NYCT_3893_2,2018-04-10 18:57:33-04:00,2,True,2,0,5,68253,15,5,2.70798053528
53,MTA NYCT_3894_1,2018-04-07 16:28:53-04:00,2,False,6,1,0,59333,15,5,2.28757894737
54,MTA NYCT_3894_1,2018-04-10 16:53:55-04:00,2,True,2,0,1,60835,15,5,2.66263157895
55,MTA NYCT_3894_1,2018-04-11 17:11:38-04:00,2,True,3,0,2,61898,15,5,1.86403846154
56,MTA NYCT_3894_1,2018-04-12 18:02:06-04:00,2,True,4,0,4,64926,15,5,2.31974828375
57,MTA NYCT_3894_2,2018-04-07 19:31:47-04:00,2,False,6,1,7,70307,15,5,3.92921259843
58,MTA NYCT_3895_1,2018-04-09 17:25:32-04:00,2,True,1,0,2,62732,15,5,1.91981443299
59,MTA NYCT_3895_1,2018-04-10 19:06:24-04:00,2,False,2,0,6,68784,15,5,2.41416452442
60,MTA NYCT_3895_1,2018-04-12 17:38:17-04:00,2,True,4,0,3,63497,15,5,1.5170754717
61,MTA NYCT_3896_1,2018-04-12 19:10:55-04:00,2,False,4,0,6,69055,15,5,3.41080701754
62,MTA NYCT_3896_2,2018-04-09 18:52:56-04:00,2,True,1,0,5,67976,15,5,2.36361256545
63,MTA NYCT_3897_1,2018-04-06 16:10:26-04:00,2,True,5,0,0,58226,15,5,2.02946296296
64,MTA NYCT_3897_1,2018-04-10 18:33:18-04:00,2,True,2,0,5,66798,15,5,3.05148788927
65,MTA NYCT_3899_1,2018-04-10 17:22:56-04:00,2,True,2,0,2,62576,15,5,1.33952261307
66,MTA NYCT_3899_1,2018-04-12 16:31:57-04:00,2,True,4,0,1,59517,15,5,1.68847635727
67,MTA NYCT_3900_1,2018-04-12 16:06:02-04:00,2,True,4,0,0,57962,15,5,1.86775747508
68,MTA NYCT_3900_2,2018-04-06 19:06:33-04:00,2,False,5,0,6,68793,15,5,2.23489528796
69,MTA NYCT_3900_2,2018-04-07 18:42:04-04:00,2,False,6,1,5,67324,15,5,1.85826722338
70,MTA NYCT_3902_1,2018-04-06 17:14:11-04:00,2,True,5,0,2,62051,15,5,1.95785854617
71,MTA NYCT_3902_1,2018-04-12 16:13:46-04:00,2,True,4,0,0,58426,15,5,1.83694682676
72,MTA NYCT_3903_1,2018-04-07 16:16:50-04:00,2,False,6,1,0,58610,15,5,2.46415143603
73,MTA NYCT_3904_1,2018-04-07 18:54:16-04:00,2,False,6,1,5,68056,15,5,2.88353448276
74,MTA NYCT_3904_1,2018-04-09 17:42:07-04:00,2,True,1,0,3,63727,15,5,0.239375
75,MTA NYCT_3904_1,2018-04-11 18:45:30-04:00,2,True,3,0,5,67530,15,5,2.36139841689
76,MTA NYCT_3904_1,2018-04-12 19:08:20-04:00,2,False,4,0,6,68900,15,5,4.09959459459
77,MTA NYCT_6748_1,2018-04-06 17:19:53-04:00,2,True,5,0,2,62393,15,5,2.76662303665
78,MTA NYCT_6748_1,2018-04-07 17:07:57-04:00,2,False,6,1,2,61677,15,5,1.99993534483
79,MTA NYCT_6748_1,2018-04-08 18:05:17-04:00,2,False,7,1,4,65117,15,5,3.21636363636
80,MTA NYCT_6748_1,2018-04-10 18:10:19-04:00,2,True,2,0,4,65419,15,5,
81,MTA NYCT_6748_1,2018-04-11 17:25:15-04:00,2,True,3,0,2,62715,15,5,1.80357388316
82,MTA NYCT_6749_1,2018-04-06 18:14:39-04:00,2,True,5,0,4,65679,15,5,1.63246688742
83,MTA NYCT_6749_1,2018-04-07 17:36:19-04:00,2,False,6,1,3,63379,15,5,2.57965879265
84,MTA NYCT_6749_1,2018-04-09 16:30:30-04:00,2,True,1,0,1,59430,15,5,2.08926778243
85,MTA NYCT_6749_1,2018-04-10 16:26:02-04:00,2,True,2,0,0,59162,15,5,2.61785100287
86,MTA NYCT_6749_1,2018-04-12 16:39:57-04:00,2,True,4,0,1,59997,15,5,2.01466216216
87,MTA NYCT_6749_2,2018-04-08 19:13:00-04:00,2,False,7,1,6,69180,15,5,2.6584045584
88,MTA NYCT_6750_1,2018-04-08 16:30:31-04:00,2,False,7,1,1,59431,15,5,2.05088235294
89,MTA NYCT_6750_1,2018-04-09 16:45:48-04:00,2,True,1,0,1,60348,15,5,1.81998158379
90,MTA NYCT_6750_2,2018-04-11 19:10:34-04:00,2,False,3,0,6,69034,15,5,3.81307692308
91,MTA NYCT_6751_1,2018-04-07 16:00:12-04:00,2,False,6,1,0,57612,15,5,1.52949685535
92,MTA NYCT_6751_1,2018-04-10 18:39:31-04:00,2,True,2,0,5,67171,15,5,2.5242776204
93,MTA NYCT_6751_1,2018-04-12 16:52:45-04:00,2,True,4,0,1,60765,15,5,2.01475149105
94,MTA NYCT_6752_1,2018-04-07 16:32:32-04:00,2,False,6,1,1,59552,15,5,3.5394488189
95,MTA NYCT_6752_1,2018-04-10 16:15:46-04:00,2,True,2,0,0,58546,15,5,2.33745810056
96,MTA NYCT_6752_1,2018-04-12 18:27:43-04:00,2,True,4,0,4,66463,15,5,4.09035714286
97,MTA NYCT_6757_1,2018-04-09 16:51:34-04:00,2,True,1,0,1,60694,15,5,2.55228915663
98,MTA NYCT_6758_1,2018-04-06 16:42:51-04:00,2,True,5,0,1,60171,15,5,1.6712754159
99,MTA NYCT_6758_1,2018-04-11 16:53:20-04:00,2,True,3,0,1,60800,15,5,2.38067226891
100,MTA NYCT_6758_2,2018-04-10 19:22:46-04:00,2,False,2,0,6,69766,15,5,3.85525114155
101,MTA NYCT_6759_1,2018-04-06 16:00:29-04:00,2,True,5,0,0,57629,15,5,2.21420634921
102,MTA NYCT_6759_1,2018-04-07 16:05:34-04:00,2,False,6,1,0,57934,15,5,1.97838582677
103,MTA NYCT_6759_1,2018-04-10 16:12:01-04:00,2,True,2,0,0,58321,15,5,1.93920415225
104,MTA NYCT_6759_1,2018-04-11 18:17:12-04:00,2,True,3,0,4,65832,15,5,2.04836689038
105,MTA NYCT_6761_1,2018-04-06 16:27:14-04:00,2,True,5,0,0,59234,15,5,2.97917933131
106,MTA NYCT_6761_1,2018-04-07 17:27:06-04:00,2,False,6,1,2,62826,15,5,2.45372197309
107,MTA NYCT_6761_1,2018-04-09 16:42:17-04:00,2,True,1,0,1,60137,15,5,2.58915662651
108,MTA NYCT_6761_1,2018-04-12 16:21:44-04:00,2,True,4,0,0,58904,15,5,2.16
109,MTA NYCT_6761_2,2018-04-06 19:22:07-04:00,2,False,5,0,6,69727,15,5,2.58317829457
110,MTA NYCT_6762_1,2018-04-06 17:47:21-04:00,2,True,5,0,3,64041,15,5,1.56443573668
111,MTA NYCT_6762_1,2018-04-10 16:45:41-04:00,2,True,2,0,1,60341,15,5,3.08358490566
112,MTA NYCT_6762_1,2018-04-12 18:17:06-04:00,2,True,4,0,4,65826,15,5,3.27191919192
113,MTA NYCT_6763_1,2018-04-09 16:03:41-04:00,2,True,1,0,0,57821,15,5,2.58763020833
114,MTA NYCT_6764_1,2018-04-11 18:32:02-04:00,2,True,3,0,5,66722,15,5,2.55160427807
115,MTA NYCT_6764_1,2018-04-12 17:36:40-04:00,2,True,4,0,3,63400,15,5,1.96888157895
116,MTA NYCT_6765_1,2018-04-08 16:22:02-04:00,2,False,7,1,0,58922,15,5,2.48800569801
117,MTA NYCT_6765_1,2018-04-11 16:47:12-04:00,2,True,3,0,1,60432,15,5,1.49182677165
118,MTA NYCT_6765_1,2018-04-12 17:11:21-04:00,2,True,4,0,2,61881,15,5,1.72962616822
119,MTA NYCT_6766_1,2018-04-10 17:43:04-04:00,2,True,2,0,3,63784,15,5,1.4467862969
120,MTA NYCT_6766_1,2018-04-11 19:11:00-04:00,2,False,3,0,6,69060,15,5,2.52691919192
121,MTA NYCT_6767_1,2018-04-08 17:40:37-04:00,2,False,7,1,3,63637,15,5,3.18602076125
122,MTA NYCT_6767_1,2018-04-10 17:42:54-04:00,2,True,2,0,3,63774,15,5,1.82603351955
123,MTA NYCT_6767_1,2018-04-11 17:15:59-04:00,2,True,3,0,2,62159,15,5,1.88391986063
124,MTA NYCT_6767_1,2018-04-12 16:59:00-04:00,2,True,4,0,1,61140,15,5,1.63885950413
125,MTA NYCT_6768_1,2018-04-06 16:54:29-04:00,2,True,5,0,1,60869,15,5,2.00107438017
126,MTA NYCT_6768_1,2018-04-07 17:57:40-04:00,2,False,6,1,3,64660,15,5,2.51729658793
127,MTA NYCT_6768_1,2018-04-11 17:04:21-04:00,2,True,3,0,2,61461,15,5,2.28645631068
128,MTA NYCT_6769_1,2018-04-09 16:17:29-04:00,2,True,1,0,0,58649,15,5,2.38002808989
129,MTA NYCT_6769_1,2018-04-11 17:09:58-04:00,2,True,3,0,2,61798,15,5,1.56978601997
130,MTA NYCT_6769_2,2018-04-09 19:21:43-04:00,2,False,1,0,6,69703,15,5,4.41089285714
131,MTA NYCT_6770_1,2018-04-06 16:51:11-04:00,2,True,5,0,1,60671,15,5,1.5723951049
132,MTA NYCT_6771_1,2018-04-06 16:33:30-04:00,2,True,5,0,1,59610,15,5,2.49987980769
133,MTA NYCT_6771_1,2018-04-07 19:42:26-04:00,2,False,6,1,7,70946,15,5,2.31125279642
134,MTA NYCT_6771_1,2018-04-11 16:00:17-04:00,2,True,3,0,0,57617,15,5,2.06545741325
135,MTA NYCT_6771_1,2018-04-12 18:54:27-04:00,2,True,4,0,5,68067,15,5,2.38412987013
136,MTA NYCT_6772_1,2018-04-07 16:36:13-04:00,2,False,6,1,1,59773,15,5,2.20624505929
137,MTA NYCT_6772_1,2018-04-09 17:16:35-04:00,2,True,1,0,2,62195,15,5,2.11992156863
138,MTA NYCT_6772_1,2018-04-10 16:25:42-04:00,2,True,2,0,0,59142,15,5,2.22188481675
139,MTA NYCT_6773_1,2018-04-06 16:00:26-04:00,2,True,5,0,0,57626,15,5,1.87622641509
140,MTA NYCT_6775_1,2018-04-10 17:35:02-04:00,2,True,2,0,3,63302,15,5,1.36593539704
141,MTA NYCT_6775_1,2018-04-11 19:20:12-04:00,2,False,3,0,6,69612,15,5,3.6776284585
142,MTA NYCT_6776_1,2018-04-08 16:40:58-04:00,2,False,7,1,1,60058,15,5,2.11288713911
143,MTA NYCT_6776_1,2018-04-10 16:01:49-04:00,2,True,2,0,0,57709,15,5,2.4446701847
144,MTA NYCT_6776_1,2018-04-11 17:47:03-04:00,2,True,3,0,3,64023,15,5,1.99646365422
145,MTA NYCT_6777_1,2018-04-06 16:43:43-04:00,2,True,5,0,1,60223,15,5,1.70198786039
146,MTA NYCT_6777_1,2018-04-09 17:00:21-04:00,2,True,1,0,2,61221,15,5,2.48645244216
147,MTA NYCT_6777_1,2018-04-11 17:37:02-04:00,2,True,3,0,3,63422,15,5,2.79997395833
148,MTA NYCT_6777_1,2018-04-12 16:03:10-04:00,2,True,4,0,0,57790,15,5,2.24690909091
149,MTA NYCT_6778_1,2018-04-06 19:46:58-04:00,2,False,5,0,7,71218,15,5,2.79705382436
150,MTA NYCT_6778_1,2018-04-09 16:17:04-04:00,2,True,1,0,0,58624,15,5,2.46506527415
151,MTA NYCT_6778_1,2018-04-12 19:22:51-04:00,2,False,4,0,6,69771,15,5,2.70962962963
152,MTA NYCT_6778_2,2018-04-07 18:25:31-04:00,2,False,6,1,4,66331,15,5,2.62656324582
153,MTA NYCT_6779_1,2018-04-06 16:30:32-04:00,2,True,5,0,1,59432,15,5,1.99836144578
154,MTA NYCT_6779_1,2018-04-08 18:22:59-04:00,2,False,7,1,4,66179,15,5,6.11931677019
155,MTA NYCT_6779_1,2018-04-11 16:17:34-04:00,2,True,3,0,0,58654,15,5,1.54525170068
156,MTA NYCT_6779_1,2018-04-12 16:00:28-04:00,2,True,4,0,0,57628,15,5,3.78625
157,MTA NYCT_6780_1,2018-04-06 18:17:12-04:00,2,True,5,0,4,65832,15,5,2.13365384615
158,MTA NYCT_6780_1,2018-04-09 19:08:14-04:00,2,False,1,0,6,68894,15,5,4.30004464286
159,MTA NYCT_6780_1,2018-04-10 17:00:07-04:00,2,True,2,0,2,61207,15,5,2.36409326425
160,MTA NYCT_6781_1,2018-04-06 16:14:10-04:00,2,True,5,0,0,58450,15,5,1.80208888889
161,MTA NYCT_6781_1,2018-04-10 16:44:12-04:00,2,True,2,0,1,60252,15,5,2.1592476489
162,MTA NYCT_6781_1,2018-04-11 16:06:59-04:00,2,True,3,0,0,58019,15,5,1.50663338088
163,MTA NYCT_6781_1,2018-04-12 17:12:55-04:00,2,True,4,0,2,61975,15,5,2.23106029106
164,MTA NYCT_6782_1,2018-04-08 19:54:09-04:00,2,False,7,1,7,71649,15,5,6.13321428571
165,MTA NYCT_6783_1,2018-04-08 17:50:07-04:00,2,False,7,1,3,64207,15,5,3.44493006993
166,MTA NYCT_6783_1,2018-04-10 16:07:32-04:00,2,True,2,0,0,58052,15,5,1.9406918239
167,MTA NYCT_6784_1,2018-04-06 18:21:24-04:00,2,True,5,0,4,66084,15,5,3.0115862069
168,MTA NYCT_6784_1,2018-04-07 17:01:40-04:00,2,False,6,1,2,61300,15,5,2.47447643979
169,MTA NYCT_6784_2,2018-04-09 18:42:09-04:00,2,True,1,0,5,67329,15,5,2.61431428571
170,MTA NYCT_6786_1,2018-04-12 16:13:47-04:00,2,True,4,0,0,58427,15,5,1.84488734835
171,MTA NYCT_6789_1,2018-04-07 17:46:46-04:00,2,False,6,1,3,64006,15,5,2.30361256545
172,MTA NYCT_6789_1,2018-04-09 16:06:12-04:00,2,True,1,0,0,57972,15,5,1.69323987539
173,MTA NYCT_3829_1,2018-04-08 16:07:40.959000-04:00,3,False,7,1,0,58060,16,6,1.80629770992
174,MTA NYCT_3829_2,2018-04-08 19:23:23.810000-04:00,3,False,7,1,6,69803,16,6,2.95921465969
175,MTA NYCT_3830_1,2018-04-10 17:28:28.119000-04:00,3,True,2,0,2,62908,16,6,2.34320754717
176,MTA NYCT_3831_1,2018-04-06 17:20:50.367000-04:00,3,True,5,0,2,62450,16,6,1.81025510204
177,MTA NYCT_3831_1,2018-04-11 17:37:03.863000-04:00,3,True,3,0,3,63423,16,6,2.12390455531
178,MTA NYCT_3831_1,2018-04-12 16:44:36.662000-04:00,3,True,4,0,1,60276,16,6,2.22629277567
179,MTA NYCT_3832_1,2018-04-12 18:34:31-04:00,3,True,4,0,5,66871,16,6,1.75699842022
180,MTA NYCT_3833_1,2018-04-08 17:14:52-04:00,3,False,7,1,2,62092,16,6,3.49408805031
181,MTA NYCT_3833_1,2018-04-09 17:25:28-04:00,3,True,1,0,2,62728,16,6,2.29264573991
182,MTA NYCT_3833_1,2018-04-11 18:11:13-04:00,3,True,3,0,4,65473,16,6,2.48508710801
183,MTA NYCT_3833_1,2018-04-12 17:50:59-04:00,3,True,4,0,3,64259,16,6,1.96943760984
184,MTA NYCT_3834_1,2018-04-07 17:11:28-04:00,3,False,6,1,2,61888,16,6,2.04878968254
185,MTA NYCT_3834_1,2018-04-09 18:31:46-04:00,3,True,1,0,5,66706,16,6,2.10778004073
186,MTA NYCT_3835_1,2018-04-09 18:15:49-04:00,3,True,1,0,4,65749,16,6,2.27933471933
187,MTA NYCT_3835_1,2018-04-10 17:40:26-04:00,3,True,2,0,3,63626,16,6,2.03528440367
188,MTA NYCT_3837_1,2018-04-06 17:44:43-04:00,3,True,5,0,3,63883,16,6,2.33016877637
189,MTA NYCT_3837_1,2018-04-08 16:16:25-04:00,3,False,7,1,0,58585,16,6,2.33256124722
190,MTA NYCT_3837_1,2018-04-09 16:02:48-04:00,3,True,1,0,0,57768,16,6,2.32603603604
191,MTA NYCT_3838_1,2018-04-06 16:28:29-04:00,3,True,5,0,0,59309,16,6,1.96389655172
192,MTA NYCT_3838_1,2018-04-09 16:00:29-04:00,3,True,1,0,0,57629,16,6,1.59454326923
193,MTA NYCT_3838_1,2018-04-11 16:26:43-04:00,3,True,3,0,0,59203,16,6,2.34852678571
194,MTA NYCT_3881_1,2018-04-09 17:29:28-04:00,3,True,1,0,2,62968,16,6,2.25164444444
195,MTA NYCT_3881_1,2018-04-10 19:49:24-04:00,3,False,2,0,7,71364,16,6,3.33082352941
196,MTA NYCT_3882_1,2018-04-07 18:17:36-04:00,3,False,6,1,4,65856,16,6,
197,MTA NYCT_3882_1,2018-04-09 16:37:11-04:00,3,True,1,0,1,59831,16,6,2.25896629213
198,MTA NYCT_3882_1,2018-04-11 16:37:27-04:00,3,True,3,0,1,59847,16,6,1.97493087558
199,MTA NYCT_3882_1,2018-04-12 16:29:35-04:00,3,True,4,0,0,59375,16,6,1.86256239601
200,MTA NYCT_3883_1,2018-04-09 16:02:55-04:00,3,True,1,0,0,57775,16,6,2.74544736842
201,MTA NYCT_3883_1,2018-04-10 16:00:17-04:00,3,True,2,0,0,57617,16,6,1.81088050314
202,MTA NYCT_3883_1,2018-04-11 16:28:40-04:00,3,True,3,0,0,59320,16,6,2.68988571429
203,MTA NYCT_3883_1,2018-04-12 17:51:08-04:00,3,True,4,0,3,64268,16,6,2.04375925926
204,MTA NYCT_3883_2,2018-04-09 19:47:25-04:00,3,False,1,0,7,71245,16,6,3.75248251748
205,MTA NYCT_3885_1,2018-04-12 18:45:32-04:00,3,True,4,0,5,67532,16,6,3.12667741935
206,MTA NYCT_3886_1,2018-04-08 17:02:16-04:00,3,False,7,1,2,61336,16,6,2.97065616798
207,MTA NYCT_3886_1,2018-04-09 18:31:00-04:00,3,True,1,0,5,66660,16,6,2.19089912281
208,MTA NYCT_3886_1,2018-04-10 18:30:07-04:00,3,True,2,0,5,66607,16,6,2.47821192053
209,MTA NYCT_3886_2,2018-04-08 19:39:01-04:00,3,False,7,1,7,70741,16,6,3.40872641509
210,MTA NYCT_3887_1,2018-04-07 19:17:49-04:00,3,False,6,1,6,69469,16,6,2.5356561086
211,MTA NYCT_3887_1,2018-04-09 16:57:04-04:00,3,True,1,0,1,61024,16,6,2.35046728972
212,MTA NYCT_3887_1,2018-04-10 16:37:12-04:00,3,True,2,0,1,59832,16,6,1.98992740472
213,MTA NYCT_3887_1,2018-04-11 18:03:05-04:00,3,True,3,0,4,64985,16,6,2.39543820225
214,MTA NYCT_3887_1,2018-04-12 17:24:26-04:00,3,True,4,0,2,62666,16,6,1.95865168539
215,MTA NYCT_3888_1,2018-04-09 16:22:07-04:00,3,True,1,0,0,58927,16,6,2.01364044944
216,MTA NYCT_3888_1,2018-04-10 16:01:19-04:00,3,True,2,0,0,57679,16,6,1.75464864865
217,MTA NYCT_3888_1,2018-04-11 17:44:41-04:00,3,True,3,0,3,63881,16,6,2.16286666667
218,MTA NYCT_3889_1,2018-04-09 17:49:30-04:00,3,True,1,0,3,64170,16,6,1.96164335664
219,MTA NYCT_3889_1,2018-04-11 17:17:09-04:00,3,True,3,0,2,62229,16,6,2.03058455115
220,MTA NYCT_3889_2,2018-04-06 18:58:46-04:00,3,True,5,0,5,68326,16,6,1.74336414048
221,MTA NYCT_3890_1,2018-04-06 17:14:35-04:00,3,True,5,0,2,62075,16,6,2.33452755906
222,MTA NYCT_3890_1,2018-04-10 16:56:09-04:00,3,True,2,0,1,60969,16,6,2.14501052632
223,MTA NYCT_3891_1,2018-04-06 16:13:16-04:00,3,True,5,0,0,58396,16,6,2.0721703854
224,MTA NYCT_3891_1,2018-04-08 17:47:29-04:00,3,False,7,1,3,64049,16,6,2.27716101695
225,MTA NYCT_3891_1,2018-04-12 17:04:19-04:00,3,True,4,0,2,61459,16,6,2.05070103093
226,MTA NYCT_3893_1,2018-04-08 16:00:28-04:00,3,False,7,1,0,57628,16,6,
227,MTA NYCT_3893_2,2018-04-08 18:50:30-04:00,3,False,7,1,5,67830,16,6,2.71140883978
228,MTA NYCT_3893_2,2018-04-10 19:05:28-04:00,3,False,2,0,6,68728,16,6,1.79029684601
229,MTA NYCT_3894_1,2018-04-07 16:35:45-04:00,3,False,6,1,1,59745,16,6,2.45195372751
230,MTA NYCT_3894_1,2018-04-10 17:01:25-04:00,3,True,2,0,2,61285,16,6,2.34031460674
231,MTA NYCT_3894_1,2018-04-11 17:22:14-04:00,3,True,3,0,2,62534,16,6,2.54176923077
232,MTA NYCT_3894_1,2018-04-12 18:09:54-04:00,3,True,4,0,4,65394,16,6,2.16352813853
233,MTA NYCT_3894_2,2018-04-07 19:38:46-04:00,3,False,6,1,7,70726,16,6,2.48616161616
234,MTA NYCT_3895_1,2018-04-09 17:34:10-04:00,3,True,1,0,3,63250,16,6,1.86494444444
235,MTA NYCT_3895_1,2018-04-10 19:13:24-04:00,3,False,2,0,6,69204,16,6,2.71763532764
236,MTA NYCT_3895_1,2018-04-12 17:49:43-04:00,3,True,4,0,3,64183,16,6,1.90464088398
237,MTA NYCT_3896_1,2018-04-12 19:16:12-04:00,3,False,4,0,6,69372,16,6,2.23280269058
238,MTA NYCT_3896_2,2018-04-09 18:59:50-04:00,3,True,1,0,5,68390,16,6,2.36055803571
239,MTA NYCT_3897_1,2018-04-06 16:20:28-04:00,3,True,5,0,0,58828,16,6,2.24136554622
240,MTA NYCT_3897_1,2018-04-10 18:38:39-04:00,3,True,2,0,5,67119,16,6,2.58222222222
241,MTA NYCT_3898_1,2018-04-06 16:00:07-04:00,3,True,5,0,0,57607,16,6,2.44076749436
242,MTA NYCT_3898_1,2018-04-11 16:00:02-04:00,3,True,3,0,0,57602,16,6,2.2568762279
243,MTA NYCT_3899_1,2018-04-10 17:36:43-04:00,3,True,2,0,3,63403,16,6,1.36361778846
244,MTA NYCT_3899_1,2018-04-12 16:41:59-04:00,3,True,4,0,1,60119,16,6,2.40736596737
245,MTA NYCT_3900_1,2018-04-06 16:00:14-04:00,3,True,5,0,0,57614,16,6,1.86994301994
246,MTA NYCT_3900_1,2018-04-12 16:16:36-04:00,3,True,4,0,0,58596,16,6,1.91309484193
247,MTA NYCT_3900_2,2018-04-06 19:13:28-04:00,3,False,5,0,6,69208,16,6,2.38452115813
248,MTA NYCT_3900_2,2018-04-07 18:50:34-04:00,3,False,6,1,5,67834,16,6,1.50868012422
249,MTA NYCT_3902_1,2018-04-06 17:23:43-04:00,3,True,5,0,2,62623,16,6,1.94639718805
250,MTA NYCT_3902_1,2018-04-12 16:24:00-04:00,3,True,4,0,0,59040,16,6,2.44147286822
251,MTA NYCT_3903_1,2018-04-07 16:24:33-04:00,3,False,6,1,0,59073,16,6,2.1212804878
252,MTA NYCT_3904_1,2018-04-07 19:01:08-04:00,3,False,6,1,6,68468,16,6,1.70515706806
253,MTA NYCT_3904_1,2018-04-09 17:43:11-04:00,3,True,1,0,3,63791,16,6,1.59543191801
254,MTA NYCT_3904_1,2018-04-11 18:52:20-04:00,3,True,3,0,5,67940,16,6,2.29369955157
255,MTA NYCT_3904_1,2018-04-12 19:13:06-04:00,3,False,4,0,6,69186,16,6,3.39813880126
256,MTA NYCT_6748_1,2018-04-06 17:26:46-04:00,3,True,5,0,2,62806,16,6,1.97436399217
257,MTA NYCT_6748_1,2018-04-07 17:16:13-04:00,3,False,6,1,2,62173,16,6,2.61282051282
258,MTA NYCT_6748_1,2018-04-08 18:10:35-04:00,3,False,7,1,4,65435,16,6,2.9375862069
259,MTA NYCT_6748_1,2018-04-10 18:21:22-04:00,3,True,2,0,4,66082,16,6,0.108181818182
260,MTA NYCT_6748_1,2018-04-11 17:35:34-04:00,3,True,3,0,3,63334,16,6,2.22378619154
261,MTA NYCT_6749_1,2018-04-06 18:25:14-04:00,3,True,5,0,4,66314,16,6,1.43426812585
262,MTA NYCT_6749_1,2018-04-07 17:43:12-04:00,3,False,6,1,3,63792,16,6,2.22029345372
263,MTA NYCT_6749_1,2018-04-08 16:00:18-04:00,3,False,7,1,0,57618,16,6,4.10302083333
264,MTA NYCT_6749_1,2018-04-09 16:38:59-04:00,3,True,1,0,1,59939,16,6,2.2067578125
265,MTA NYCT_6749_1,2018-04-10 16:32:23-04:00,3,True,2,0,1,59543,16,6,4.51771653543
266,MTA NYCT_6749_1,2018-04-11 17:05:06-04:00,3,True,3,0,2,61506,16,6,2.0553968254
267,MTA NYCT_6749_1,2018-04-12 16:47:53-04:00,3,True,4,0,1,60473,16,6,2.19620833333
268,MTA NYCT_6749_2,2018-04-08 19:19:55-04:00,3,False,7,1,6,69595,16,6,3.89975609756
269,MTA NYCT_6750_1,2018-04-08 16:40:04-04:00,3,False,7,1,1,60004,16,6,2.79228947368
270,MTA NYCT_6750_1,2018-04-09 16:55:22-04:00,3,True,1,0,1,60922,16,6,1.97743445693
271,MTA NYCT_6750_1,2018-04-11 16:00:22-04:00,3,True,3,0,0,57622,16,6,2.32902912621
272,MTA NYCT_6750_2,2018-04-11 19:15:52-04:00,3,False,3,0,6,69352,16,6,2.6257591623
273,MTA NYCT_6751_1,2018-04-07 16:08:41-04:00,3,False,6,1,0,58121,16,6,2.36249438202
274,MTA NYCT_6751_1,2018-04-10 18:45:57-04:00,3,True,2,0,5,67557,16,6,2.42817155756
275,MTA NYCT_6751_1,2018-04-12 17:01:39-04:00,3,True,4,0,2,61299,16,6,1.61229641694
276,MTA NYCT_6752_1,2018-04-07 16:35:11-04:00,3,False,6,1,1,59711,16,6,2.75661417323
277,MTA NYCT_6752_1,2018-04-10 16:23:58-04:00,3,True,2,0,0,59038,16,6,1.95189781022
278,MTA NYCT_6752_1,2018-04-12 18:32:44-04:00,3,True,4,0,5,66764,16,6,2.24205357143
279,MTA NYCT_6757_1,2018-04-09 16:59:32-04:00,3,True,1,0,1,61172,16,6,2.19850393701
280,MTA NYCT_6758_1,2018-04-06 16:52:23-04:00,3,True,5,0,1,60743,16,6,1.65621716287
281,MTA NYCT_6758_1,2018-04-10 16:00:08-04:00,3,True,2,0,0,57608,16,6,1.45020512821
282,MTA NYCT_6758_1,2018-04-11 17:01:48-04:00,3,True,3,0,2,61308,16,6,2.96283464567
283,MTA NYCT_6758_2,2018-04-10 19:26:56-04:00,3,False,2,0,6,70016,16,6,2.72426086957
284,MTA NYCT_6759_1,2018-04-06 16:03:07-04:00,3,True,5,0,0,57787,16,6,2.32893970894
285,MTA NYCT_6759_1,2018-04-07 16:14:33-04:00,3,False,6,1,0,58473,16,6,1.62214511041
286,MTA NYCT_6759_1,2018-04-10 16:22:11-04:00,3,True,2,0,0,58931,16,6,2.21712643678
287,MTA NYCT_6759_1,2018-04-11 18:25:11-04:00,3,True,3,0,4,66311,16,6,2.20199095023
288,MTA NYCT_6760_1,2018-04-12 16:00:07-04:00,3,True,4,0,0,57607,16,6,1.33871670702
289,MTA NYCT_6761_1,2018-04-06 16:33:14-04:00,3,True,5,0,1,59594,16,6,2.76715662651
290,MTA NYCT_6761_1,2018-04-07 17:35:36-04:00,3,False,6,1,3,63336,16,6,2.165
291,MTA NYCT_6761_1,2018-04-09 16:50:17-04:00,3,True,1,0,1,60617,16,6,2.16402957486
292,MTA NYCT_6761_1,2018-04-12 16:30:45-04:00,3,True,4,0,1,59445,16,6,1.62507503411
293,MTA NYCT_6761_2,2018-04-06 19:29:38-04:00,3,False,5,0,6,70178,16,6,2.9516056338
294,MTA NYCT_6762_1,2018-04-06 17:59:14-04:00,3,True,5,0,3,64754,16,6,2.61721804511
295,MTA NYCT_6762_1,2018-04-10 16:52:04-04:00,3,True,2,0,1,60724,16,6,2.28073752711
296,MTA NYCT_6762_1,2018-04-12 18:22:35-04:00,3,True,4,0,4,66155,16,6,2.9666572238
297,MTA NYCT_6763_1,2018-04-09 16:10:37-04:00,3,True,1,0,0,58237,16,6,2.37552884615
298,MTA NYCT_6764_1,2018-04-11 18:38:48-04:00,3,True,3,0,5,67128,16,6,2.21870967742
299,MTA NYCT_6764_1,2018-04-12 17:44:48-04:00,3,True,4,0,3,63888,16,6,1.97351785714
300,MTA NYCT_6765_1,2018-04-08 16:28:26-04:00,3,False,7,1,0,59306,16,6,3.09664739884
301,MTA NYCT_6765_1,2018-04-11 16:58:19-04:00,3,True,3,0,1,61099,16,6,2.34196428571
302,MTA NYCT_6765_1,2018-04-12 17:20:47-04:00,3,True,4,0,2,62447,16,6,1.6144911147
303,MTA NYCT_6766_1,2018-04-10 17:53:49-04:00,3,True,2,0,3,64429,16,6,1.26165829146
304,MTA NYCT_6766_1,2018-04-11 19:18:08-04:00,3,False,3,0,6,69488,16,6,2.28404761905
305,MTA NYCT_6767_1,2018-04-08 17:46:31-04:00,3,False,7,1,3,63991,16,6,3.05236467236
306,MTA NYCT_6767_1,2018-04-10 17:52:23-04:00,3,True,2,0,3,64343,16,6,1.72210691824
307,MTA NYCT_6767_1,2018-04-11 17:26:37-04:00,3,True,3,0,2,62797,16,6,2.10064449064
308,MTA NYCT_6767_1,2018-04-12 17:10:20-04:00,3,True,4,0,2,61820,16,6,1.85560885609
309,MTA NYCT_6768_1,2018-04-06 17:03:06-04:00,3,True,5,0,2,61386,16,6,1.9279202773
310,MTA NYCT_6768_1,2018-04-07 18:04:32-04:00,3,False,6,1,4,65072,16,6,1.12581066376
311,MTA NYCT_6768_1,2018-04-11 17:12:18-04:00,3,True,3,0,2,61938,16,6,2.28920408163
312,MTA NYCT_6769_1,2018-04-09 16:23:57-04:00,3,True,1,0,0,59037,16,6,1.87816498316
313,MTA NYCT_6769_1,2018-04-11 17:22:11-04:00,3,True,3,0,2,62531,16,6,1.84197019868
314,MTA NYCT_6769_1,2018-04-12 16:00:21-04:00,3,True,4,0,0,57621,16,6,1.20328125
315,MTA NYCT_6769_2,2018-04-09 19:26:31-04:00,3,False,1,0,6,69991,16,6,3.7966796875
316,MTA NYCT_6770_1,2018-04-06 17:01:15-04:00,3,True,5,0,2,61275,16,6,1.63123222749
317,MTA NYCT_6771_1,2018-04-06 16:41:29-04:00,3,True,5,0,1,60089,16,6,1.56311728395
318,MTA NYCT_6771_1,2018-04-07 19:50:25-04:00,3,False,6,1,7,71425,16,6,
319,MTA NYCT_6771_1,2018-04-11 16:06:05-04:00,3,True,3,0,0,57965,16,6,2.40739420935
320,MTA NYCT_6771_1,2018-04-12 19:01:24-04:00,3,False,4,0,6,68484,16,6,2.33575892857
321,MTA NYCT_6772_1,2018-04-07 16:45:43-04:00,3,False,6,1,1,60343,16,6,2.34018987342
322,MTA NYCT_6772_1,2018-04-09 17:25:37-04:00,3,True,1,0,2,62737,16,6,2.37782608696
323,MTA NYCT_6772_1,2018-04-10 16:32:36-04:00,3,True,2,0,1,59556,16,6,2.82
324,MTA NYCT_6773_1,2018-04-06 16:08:54-04:00,3,True,5,0,0,58134,16,6,1.96947552448
325,MTA NYCT_6774_1,2018-04-06 16:00:25-04:00,3,True,5,0,0,57625,16,6,1.58875
326,MTA NYCT_6775_1,2018-04-10 17:47:58-04:00,3,True,2,0,3,64078,16,6,1.89696498054
327,MTA NYCT_6775_1,2018-04-11 19:24:57-04:00,3,False,3,0,6,69897,16,6,2.66979539642
328,MTA NYCT_6776_1,2018-04-08 16:47:52-04:00,3,False,7,1,1,60472,16,6,2.87826315789
329,MTA NYCT_6776_1,2018-04-10 16:08:41-04:00,3,True,2,0,0,58121,16,6,1.68056962025
330,MTA NYCT_6776_1,2018-04-11 17:56:36-04:00,3,True,3,0,3,64596,16,6,2.39025210084
331,MTA NYCT_6777_1,2018-04-06 16:55:14-04:00,3,True,5,0,1,60914,16,6,2.00435448578
332,MTA NYCT_6777_1,2018-04-09 17:07:34-04:00,3,True,1,0,2,61654,16,6,2.33629186603
333,MTA NYCT_6777_1,2018-04-11 17:44:31-04:00,3,True,3,0,3,63871,16,6,2.42305856833
334,MTA NYCT_6777_1,2018-04-12 16:10:08-04:00,3,True,4,0,0,58208,16,6,2.1585840708
335,MTA NYCT_6778_1,2018-04-06 19:53:23-04:00,3,False,5,0,7,71603,16,6,3.39845614035
336,MTA NYCT_6778_1,2018-04-09 16:23:58-04:00,3,True,1,0,0,59038,16,6,1.84601652893
337,MTA NYCT_6778_1,2018-04-10 16:00:00-04:00,3,True,2,0,0,57600,16,6,1.61377016129
338,MTA NYCT_6778_1,2018-04-12 19:29:45-04:00,3,False,4,0,6,70185,16,6,2.34096629213
339,MTA NYCT_6778_2,2018-04-07 18:33:33-04:00,3,False,6,1,5,66813,16,6,0.526802083333
340,MTA NYCT_6779_1,2018-04-06 16:40:42-04:00,3,True,5,0,1,60042,16,6,2.08556547619
341,MTA NYCT_6779_1,2018-04-08 18:26:47-04:00,3,False,7,1,4,66407,16,6,3.24942528736
342,MTA NYCT_6779_1,2018-04-11 16:30:21-04:00,3,True,3,0,1,59421,16,6,2.20137524558
343,MTA NYCT_6779_1,2018-04-12 16:03:27-04:00,3,True,4,0,0,57807,16,6,2.02899761337
344,MTA NYCT_6780_1,2018-04-06 18:25:13-04:00,3,True,5,0,4,66313,16,6,2.40100409836
345,MTA NYCT_6780_1,2018-04-09 19:13:01-04:00,3,False,1,0,6,69181,16,6,2.33513812155
346,MTA NYCT_6780_1,2018-04-10 17:07:05-04:00,3,True,2,0,2,61625,16,6,1.96332103321
347,MTA NYCT_6781_1,2018-04-06 16:22:11-04:00,3,True,5,0,0,58931,16,6,2.25663697105
348,MTA NYCT_6781_1,2018-04-10 16:50:36-04:00,3,True,2,0,1,60636,16,6,1.73684375
349,MTA NYCT_6781_1,2018-04-11 16:19:12-04:00,3,True,3,0,0,58752,16,6,0.0924681543048
350,MTA NYCT_6781_1,2018-04-12 17:22:00-04:00,3,True,4,0,2,62520,16,6,1.72883830455
351,MTA NYCT_6782_1,2018-04-08 19:57:01-04:00,3,False,7,1,7,71821,16,6,4.6611875
352,MTA NYCT_6783_1,2018-04-08 17:55:26-04:00,3,False,7,1,3,64526,16,6,3.13305882353
353,MTA NYCT_6783_1,2018-04-10 16:16:01-04:00,3,True,2,0,0,58561,16,6,1.89814814815
354,MTA NYCT_6784_1,2018-04-06 18:26:46-04:00,3,True,5,0,4,66406,16,6,1.81100732601
355,MTA NYCT_6784_1,2018-04-07 17:08:34-04:00,3,False,6,1,2,61714,16,6,2.46987341772
356,MTA NYCT_6784_1,2018-04-11 16:00:11-04:00,3,True,3,0,0,57611,16,6,0.891875
357,MTA NYCT_6784_1,2018-04-12 16:00:25-04:00,3,True,4,0,0,57625,16,6,0.773018018018
358,MTA NYCT_6784_2,2018-04-09 18:49:03-04:00,3,True,1,0,5,67743,16,6,2.21785575049
359,MTA NYCT_6786_1,2018-04-12 16:23:57-04:00,3,True,4,0,0,59037,16,6,1.90440074906
360,MTA NYCT_6787_1,2018-04-11 16:37:42-04:00,3,True,3,0,1,59862,16,6,3.49245059289
361,MTA NYCT_6789_1,2018-04-07 17:53:40-04:00,3,False,6,1,3,64420,16,6,1.00211167513
362,MTA NYCT_6789_1,2018-04-09 16:17:26-04:00,3,True,1,0,0,58646,16,6,1.83305147059
363,MTA NYCT_3829_1,2018-04-08 16:16:56.783000-04:00,4,False,7,1,0,58616,9,1,1.59709803922
364,MTA NYCT_3829_2,2018-04-08 19:30:19.744000-04:00,4,False,7,1,7,70219,9,1,3.53906976744
365,MTA NYCT_3830_1,2018-04-10 17:36:04.189000-04:00,4,True,2,0,3,63364,9,1,1.82301886792
366,MTA NYCT_3831_1,2018-04-06 17:31:09.732000-04:00,4,True,5,0,3,63069,9,1,1.80231428571
367,MTA NYCT_3831_1,2018-04-11 17:45:17.884000-04:00,4,True,3,0,3,63917,9,1,1.66626780627
368,MTA NYCT_3831_1,2018-04-12 16:53:54.823000-04:00,4,True,4,0,1,60834,9,1,1.92798634812
369,MTA NYCT_3832_1,2018-04-12 18:45:36-04:00,4,True,4,0,5,67536,9,1,1.89368627451
370,MTA NYCT_3833_1,2018-04-08 17:20:42-04:00,4,False,7,1,2,62442,9,1,3.87571428571
371,MTA NYCT_3833_1,2018-04-09 17:33:26-04:00,4,True,1,0,3,63206,9,1,1.7325
372,MTA NYCT_3833_1,2018-04-11 18:16:33-04:00,4,True,3,0,4,65793,9,1,2.49404255319
373,MTA NYCT_3833_1,2018-04-12 18:01:32-04:00,4,True,4,0,4,64892,9,1,1.86597222222
374,MTA NYCT_3834_1,2018-04-07 17:20:58-04:00,4,False,6,1,2,62458,9,1,3.41893617021
375,MTA NYCT_3834_1,2018-04-09 18:40:28-04:00,4,True,1,0,5,67228,9,1,1.92727626459
376,MTA NYCT_3835_1,2018-04-09 18:24:22-04:00,4,True,1,0,4,66262,9,1,2.07658031088
377,MTA NYCT_3835_1,2018-04-10 17:50:02-04:00,4,True,2,0,3,64202,9,1,2.95575949367
378,MTA NYCT_3837_1,2018-04-06 17:53:09-04:00,4,True,5,0,3,64389,9,1,2.53443946188
379,MTA NYCT_3837_1,2018-04-08 16:24:27-04:00,4,False,7,1,0,59067,9,1,3.24896373057
380,MTA NYCT_3837_1,2018-04-09 16:10:44-04:00,4,True,1,0,0,58244,9,1,1.38837378641
381,MTA NYCT_3838_1,2018-04-06 16:38:41-04:00,4,True,5,0,1,59921,9,1,1.31342379958
382,MTA NYCT_3838_1,2018-04-09 16:07:58-04:00,4,True,1,0,0,58078,9,1,2.22579766537
383,MTA NYCT_3838_1,2018-04-11 16:34:43-04:00,4,True,3,0,1,59683,9,1,1.89349019608
384,MTA NYCT_3881_1,2018-04-09 17:37:30-04:00,4,True,1,0,3,63450,9,1,1.98513888889
385,MTA NYCT_3881_1,2018-04-10 19:54:10-04:00,4,False,2,0,7,71650,9,1,2.61272251309
386,MTA NYCT_3882_1,2018-04-09 16:45:07-04:00,4,True,1,0,1,60307,9,1,1.86618243243
387,MTA NYCT_3882_1,2018-04-11 16:45:12-04:00,4,True,3,0,1,60312,9,1,2.97020833333
388,MTA NYCT_3882_1,2018-04-12 16:40:08-04:00,4,True,4,0,1,60008,9,1,2.07428093645
389,MTA NYCT_3883_1,2018-04-09 16:10:18-04:00,4,True,1,0,0,58218,9,1,1.66527559055
390,MTA NYCT_3883_1,2018-04-10 16:04:31-04:00,4,True,2,0,0,57871,9,1,0.860882352941
391,MTA NYCT_3883_1,2018-04-11 16:35:01-04:00,4,True,3,0,1,59701,9,1,1.84439688716
392,MTA NYCT_3883_1,2018-04-12 18:00:39-04:00,4,True,4,0,4,64839,9,1,1.63492877493
393,MTA NYCT_3883_2,2018-04-09 19:52:42-04:00,4,False,1,0,7,71562,9,1,1.20845849802
394,MTA NYCT_3885_1,2018-04-12 18:51:14-04:00,4,True,4,0,5,67874,9,1,1.68394984326
395,MTA NYCT_3886_1,2018-04-08 17:09:08-04:00,4,False,7,1,2,61748,9,1,4.12905511811
396,MTA NYCT_3886_1,2018-04-09 18:39:15-04:00,4,True,1,0,5,67155,9,1,1.89337883959
397,MTA NYCT_3886_1,2018-04-10 18:38:43-04:00,4,True,2,0,5,67123,9,1,2.47927419355
398,MTA NYCT_3886_2,2018-04-08 19:44:07-04:00,4,False,7,1,7,71047,9,1,
399,MTA NYCT_3887_1,2018-04-09 17:05:14-04:00,4,True,1,0,2,61514,9,1,1.46539156627
400,MTA NYCT_3887_1,2018-04-10 16:46:56-04:00,4,True,2,0,1,60416,9,1,1.95051181102
401,MTA NYCT_3887_1,2018-04-11 18:11:01-04:00,4,True,3,0,4,65461,9,1,1.96702341137
402,MTA NYCT_3887_1,2018-04-12 17:32:54-04:00,4,True,4,0,3,63174,9,1,1.9423183391
403,MTA NYCT_3888_1,2018-04-09 16:30:03-04:00,4,True,1,0,1,59403,9,1,2.46019607843
404,MTA NYCT_3888_1,2018-04-10 16:08:01-04:00,4,True,2,0,0,58081,9,1,2.52520179372
405,MTA NYCT_3888_1,2018-04-11 17:52:42-04:00,4,True,3,0,3,64362,9,1,2.67457711443
406,MTA NYCT_3889_1,2018-04-06 16:00:08-04:00,4,True,5,0,0,57608,9,1,1.62314465409
407,MTA NYCT_3889_1,2018-04-09 17:59:33-04:00,4,True,1,0,3,64773,9,1,2.41321705426
408,MTA NYCT_3889_1,2018-04-11 17:25:39-04:00,4,True,3,0,2,62739,9,1,2.28652830189
409,MTA NYCT_3889_2,2018-04-06 19:08:51-04:00,4,False,5,0,6,68931,9,1,1.83984126984
410,MTA NYCT_3890_1,2018-04-06 17:24:06-04:00,4,True,5,0,2,62646,9,1,2.05553784861
411,MTA NYCT_3890_1,2018-04-10 17:04:35-04:00,4,True,2,0,2,61475,9,1,2.36168674699
412,MTA NYCT_3891_1,2018-04-06 16:22:32-04:00,4,True,5,0,0,58952,9,1,1.56981865285
413,MTA NYCT_3891_1,2018-04-08 17:55:53-04:00,4,False,7,1,3,64553,9,1,2.2331981982
414,MTA NYCT_3891_1,2018-04-12 17:14:05-04:00,4,True,4,0,2,62045,9,1,1.75926984127
415,MTA NYCT_3893_1,2018-04-08 16:01:31-04:00,4,False,7,1,0,57691,9,1,2.78688888889
416,MTA NYCT_3893_1,2018-04-10 16:00:23-04:00,4,True,2,0,0,57623,9,1,0.303183856502
417,MTA NYCT_3893_2,2018-04-08 18:57:04-04:00,4,False,7,1,5,68224,9,1,3.5060625
418,MTA NYCT_3893_2,2018-04-10 19:14:59-04:00,4,False,2,0,6,69299,9,1,2.58129464286
419,MTA NYCT_3894_1,2018-04-07 16:43:32-04:00,4,False,6,1,1,60212,9,1,2.7321761658
420,MTA NYCT_3894_1,2018-04-10 17:09:21-04:00,4,True,2,0,2,61761,9,1,1.97996415771
421,MTA NYCT_3894_1,2018-04-11 17:29:15-04:00,4,True,3,0,2,62955,9,1,1.77629746835
422,MTA NYCT_3894_1,2018-04-12 18:18:07-04:00,4,True,4,0,4,65887,9,1,2.10602316602
423,MTA NYCT_3895_1,2018-04-09 17:43:42-04:00,4,True,1,0,3,63822,9,1,1.71285714286
424,MTA NYCT_3895_1,2018-04-10 19:19:47-04:00,4,False,2,0,6,69587,9,1,2.79905
425,MTA NYCT_3895_1,2018-04-12 17:59:50-04:00,4,True,4,0,3,64790,9,1,1.6565
426,MTA NYCT_3896_1,2018-04-09 16:00:14-04:00,4,True,1,0,0,57614,9,1,1.21831578947
427,MTA NYCT_3896_1,2018-04-12 19:24:11-04:00,4,False,4,0,6,69851,9,1,2.76421052632
428,MTA NYCT_3896_2,2018-04-09 19:07:50-04:00,4,False,1,0,6,68870,9,1,1.92270588235
429,MTA NYCT_3897_1,2018-04-06 16:28:55-04:00,4,True,5,0,0,59335,9,1,2.12743243243
430,MTA NYCT_3897_1,2018-04-10 18:45:02-04:00,4,True,2,0,5,67502,9,1,1.59325
431,MTA NYCT_3898_1,2018-04-06 16:08:02-04:00,4,True,5,0,0,58082,9,1,2.56402714932
432,MTA NYCT_3898_1,2018-04-11 16:09:03-04:00,4,True,3,0,0,58143,9,1,1.73821052632
433,MTA NYCT_3899_1,2018-04-10 17:51:07-04:00,4,True,2,0,3,64267,9,1,2.62354037267
434,MTA NYCT_3899_1,2018-04-12 16:49:40-04:00,4,True,4,0,1,60580,9,1,2.55857798165
435,MTA NYCT_3900_1,2018-04-06 16:06:38-04:00,4,True,5,0,0,57998,9,1,2.08379464286
436,MTA NYCT_3900_1,2018-04-07 16:00:21-04:00,4,False,6,1,0,57621,9,1,1.5175
437,MTA NYCT_3900_1,2018-04-12 16:27:09-04:00,4,True,4,0,0,59229,9,1,1.59128930818
438,MTA NYCT_3900_2,2018-04-06 19:21:28-04:00,4,False,5,0,6,69688,9,1,3.63627906977
439,MTA NYCT_3902_1,2018-04-06 17:33:43-04:00,4,True,5,0,3,63223,9,1,2.53873873874
440,MTA NYCT_3902_1,2018-04-12 16:31:31-04:00,4,True,4,0,1,59491,9,1,1.44675213675
441,MTA NYCT_3903_1,2018-04-07 16:33:17-04:00,4,False,6,1,1,59597,9,1,2.75490566038
442,MTA NYCT_3904_1,2018-04-09 17:55:07-04:00,4,True,1,0,3,64507,9,1,1.6
443,MTA NYCT_3904_1,2018-04-11 19:00:17-04:00,4,False,3,0,6,68417,9,1,2.10358974359
444,MTA NYCT_3904_1,2018-04-12 19:19:26-04:00,4,False,4,0,6,69566,9,1,2.66937172775
445,MTA NYCT_6748_1,2018-04-06 17:35:48-04:00,4,True,5,0,3,63348,9,1,1.49688481675
446,MTA NYCT_6748_1,2018-04-07 17:23:52-04:00,4,False,6,1,2,62632,9,1,3.29067307692
447,MTA NYCT_6748_1,2018-04-08 18:17:26-04:00,4,False,7,1,4,65846,9,1,3.157109375
448,MTA NYCT_6748_1,2018-04-10 18:24:52-04:00,4,True,2,0,4,66292,9,1,1.80763779528
449,MTA NYCT_6748_1,2018-04-11 17:43:34-04:00,4,True,3,0,3,63814,9,1,2.46413385827
450,MTA NYCT_6749_1,2018-04-06 18:38:43-04:00,4,True,5,0,5,67123,9,1,2.16122171946
451,MTA NYCT_6749_1,2018-04-07 17:51:06-04:00,4,False,6,1,3,64266,9,1,2.07614173228
452,MTA NYCT_6749_1,2018-04-08 16:02:56-04:00,4,False,7,1,0,57776,9,1,2.27004504505
453,MTA NYCT_6749_1,2018-04-09 16:48:03-04:00,4,True,1,0,1,60483,9,1,2.01937254902
454,MTA NYCT_6749_1,2018-04-10 16:37:08-04:00,4,True,2,0,1,59828,9,1,2.48027027027
455,MTA NYCT_6749_1,2018-04-11 17:07:44-04:00,4,True,3,0,2,61664,9,1,1.82165605096
456,MTA NYCT_6749_1,2018-04-12 16:57:29-04:00,4,True,4,0,1,61049,9,1,1.53279683377
457,MTA NYCT_6749_2,2018-04-08 19:25:13-04:00,4,False,7,1,6,69913,9,1,3.85647798742
458,MTA NYCT_6750_1,2018-04-08 16:46:56-04:00,4,False,7,1,1,60416,9,1,2.49257918552
459,MTA NYCT_6750_1,2018-04-11 16:07:46-04:00,4,True,3,0,0,58066,9,1,2.998125
460,MTA NYCT_6750_2,2018-04-11 19:22:46-04:00,4,False,3,0,6,69766,9,1,2.95984251969
461,MTA NYCT_6751_1,2018-04-07 16:16:38-04:00,4,False,6,1,0,58598,9,1,3.55492063492
462,MTA NYCT_6751_1,2018-04-10 18:53:52-04:00,4,True,2,0,5,68032,9,1,1.92290625
463,MTA NYCT_6751_1,2018-04-12 17:13:31-04:00,4,True,4,0,2,62011,9,1,2.00003952569
464,MTA NYCT_6752_1,2018-04-07 16:42:03-04:00,4,False,6,1,1,60123,9,1,2.74614173228
465,MTA NYCT_6752_1,2018-04-10 16:31:21-04:00,4,True,2,0,1,59481,9,1,2.37585585586
466,MTA NYCT_6752_1,2018-04-12 18:40:44-04:00,4,True,4,0,5,67244,9,1,2.58412556054
467,MTA NYCT_6757_1,2018-04-09 17:08:32-04:00,4,True,1,0,2,61712,9,1,2.12096899225
468,MTA NYCT_6758_1,2018-04-06 17:02:58-04:00,4,True,5,0,2,61378,9,1,2.44022522523
469,MTA NYCT_6758_1,2018-04-10 16:07:09-04:00,4,True,2,0,0,58029,9,1,1.63616352201
470,MTA NYCT_6758_1,2018-04-11 17:08:40-04:00,4,True,3,0,2,61720,9,1,2.40892682927
471,MTA NYCT_6758_2,2018-04-10 19:33:14-04:00,4,False,2,0,7,70394,9,1,2.85172774869
472,MTA NYCT_6759_1,2018-04-06 16:11:40-04:00,4,True,5,0,0,58300,9,1,2.69297777778
473,MTA NYCT_6759_1,2018-04-07 16:25:38-04:00,4,False,6,1,0,59138,9,1,2.72183246073
474,MTA NYCT_6759_1,2018-04-10 16:29:58-04:00,4,True,2,0,0,59398,9,1,2.48276264591
475,MTA NYCT_6759_1,2018-04-11 18:33:05-04:00,4,True,3,0,5,66785,9,1,2.3969379845
476,MTA NYCT_6759_1,2018-04-12 16:00:28-04:00,4,True,4,0,0,57628,9,1,1.60725806452
477,MTA NYCT_6760_1,2018-04-09 16:00:13-04:00,4,True,1,0,0,57613,9,1,
478,MTA NYCT_6760_1,2018-04-12 16:07:31-04:00,4,True,4,0,0,58051,9,1,2.19101167315
479,MTA NYCT_6761_1,2018-04-06 16:40:40-04:00,4,True,5,0,1,60040,9,1,2.67265625
480,MTA NYCT_6761_1,2018-04-07 17:43:35-04:00,4,False,6,1,3,63815,9,1,2.0453633218
481,MTA NYCT_6761_1,2018-04-09 16:59:50-04:00,4,True,1,0,1,61190,9,1,2.432
482,MTA NYCT_6761_1,2018-04-12 16:43:30-04:00,4,True,4,0,1,60210,9,1,1.98608695652
483,MTA NYCT_6761_2,2018-04-06 19:36:05-04:00,4,False,5,0,7,70565,9,1,1.55444444444
484,MTA NYCT_6762_1,2018-04-06 18:06:24-04:00,4,True,5,0,4,65184,9,1,1.74595611285
485,MTA NYCT_6762_1,2018-04-10 17:00:19-04:00,4,True,2,0,2,61219,9,1,2.67317708333
486,MTA NYCT_6762_1,2018-04-12 18:28:59-04:00,4,True,4,0,4,66539,9,1,1.93055555556
487,MTA NYCT_6763_1,2018-04-09 16:18:06-04:00,4,True,1,0,0,58686,9,1,2.00711462451
488,MTA NYCT_6764_1,2018-04-11 18:46:34-04:00,4,True,3,0,5,67594,9,1,2.64595454545
489,MTA NYCT_6764_1,2018-04-12 17:54:40-04:00,4,True,4,0,3,64480,9,1,1.33997635934
490,MTA NYCT_6765_1,2018-04-08 16:34:44-04:00,4,False,7,1,1,59684,9,1,3.77577319588
491,MTA NYCT_6765_1,2018-04-11 17:06:20-04:00,4,True,3,0,2,61580,9,1,1.64110817942
492,MTA NYCT_6765_1,2018-04-12 17:31:38-04:00,4,True,4,0,3,63098,9,1,1.62989528796
493,MTA NYCT_6766_1,2018-04-10 18:08:09-04:00,4,True,2,0,4,65289,9,1,1.76831111111
494,MTA NYCT_6766_1,2018-04-11 19:25:40-04:00,4,False,3,0,6,69940,9,1,2.43929411765
495,MTA NYCT_6767_1,2018-04-08 17:52:55-04:00,4,False,7,1,3,64375,9,1,3.52125
496,MTA NYCT_6767_1,2018-04-10 18:03:31-04:00,4,True,2,0,4,65011,9,1,2.56233944954
497,MTA NYCT_6767_1,2018-04-11 17:35:28-04:00,4,True,3,0,3,63328,9,1,2.22872093023
498,MTA NYCT_6767_1,2018-04-12 17:19:53-04:00,4,True,4,0,2,62393,9,1,1.30911963883
499,MTA NYCT_6768_1,2018-04-06 17:13:14-04:00,4,True,5,0,2,61994,9,1,1.52248691099
500,MTA NYCT_6768_1,2018-04-07 18:18:47-04:00,4,False,6,1,4,65927,9,1,1.82275590551
501,MTA NYCT_6768_1,2018-04-11 17:21:00-04:00,4,True,3,0,2,62460,9,1,1.88932075472
502,MTA NYCT_6769_1,2018-04-09 16:34:23-04:00,4,True,1,0,1,59663,9,1,1.96655172414
503,MTA NYCT_6769_1,2018-04-11 17:32:47-04:00,4,True,3,0,3,63167,9,1,2.297109375
504,MTA NYCT_6769_1,2018-04-12 16:03:39-04:00,4,True,4,0,0,57819,9,1,2.50112107623
505,MTA NYCT_6769_2,2018-04-09 19:31:19-04:00,4,False,1,0,7,70279,9,1,2.30832460733
506,MTA NYCT_6770_1,2018-04-06 17:12:21-04:00,4,True,5,0,2,61941,9,1,2.05539370079
507,MTA NYCT_6770_1,2018-04-12 16:00:29-04:00,4,True,4,0,0,57629,9,1,2.46541666667
508,MTA NYCT_6771_1,2018-04-06 16:54:29-04:00,4,True,5,0,1,60869,9,1,1.0199380805
509,MTA NYCT_6771_1,2018-04-11 16:14:05-04:00,4,True,3,0,0,58445,9,1,2.92015706806
510,MTA NYCT_6771_1,2018-04-12 19:09:24-04:00,4,False,4,0,6,68964,9,1,2.1899609375
511,MTA NYCT_6772_1,2018-04-07 16:54:08-04:00,4,False,6,1,1,60848,9,1,2.21108597285
512,MTA NYCT_6772_1,2018-04-09 17:33:03-04:00,4,True,1,0,3,63183,9,1,2.24683794466
513,MTA NYCT_6772_1,2018-04-10 16:39:32-04:00,4,True,2,0,1,59972,9,1,1.95698245614
514,MTA NYCT_6773_1,2018-04-06 16:19:29-04:00,4,True,5,0,0,58769,9,1,1.3527486911
515,MTA NYCT_6774_1,2018-04-06 16:02:01-04:00,4,True,5,0,0,57721,9,1,1.85052447552
516,MTA NYCT_6775_1,2018-04-10 17:57:05-04:00,4,True,2,0,3,64625,9,1,1.97852201258
517,MTA NYCT_6775_1,2018-04-11 19:32:00-04:00,4,False,3,0,7,70320,9,1,2.23869047619
518,MTA NYCT_6776_1,2018-04-08 16:54:44-04:00,4,False,7,1,1,60884,9,1,5.86020833333
519,MTA NYCT_6776_1,2018-04-10 16:19:45-04:00,4,True,2,0,0,58785,9,1,2.02546875
520,MTA NYCT_6776_1,2018-04-11 18:05:03-04:00,4,True,3,0,4,65103,9,1,2.36540880503
521,MTA NYCT_6777_1,2018-04-06 17:03:34-04:00,4,True,5,0,2,61414,9,1,1.89393700787
522,MTA NYCT_6777_1,2018-04-09 17:15:04-04:00,4,True,1,0,2,62104,9,1,1.80893063584
523,MTA NYCT_6777_1,2018-04-11 17:52:44-04:00,4,True,3,0,3,64364,9,1,2.02328888889
524,MTA NYCT_6777_1,2018-04-12 16:21:07-04:00,4,True,4,0,0,58867,9,1,1.47185185185
525,MTA NYCT_6778_1,2018-04-06 19:58:40-04:00,4,False,5,0,7,71920,9,1,1.33507936508
526,MTA NYCT_6778_1,2018-04-09 16:34:34-04:00,4,True,1,0,1,59674,9,1,0.721616954474
527,MTA NYCT_6778_1,2018-04-10 16:08:48-04:00,4,True,2,0,0,58128,9,1,1.90426791277
528,MTA NYCT_6778_1,2018-04-12 19:37:42-04:00,4,False,4,0,7,70662,9,1,2.55712041885
529,MTA NYCT_6779_1,2018-04-06 16:46:51-04:00,4,True,5,0,1,60411,9,1,1.38570987654
530,MTA NYCT_6779_1,2018-04-08 18:33:06-04:00,4,False,7,1,5,66786,9,1,3.15791666667
531,MTA NYCT_6779_1,2018-04-11 16:40:38-04:00,4,True,3,0,1,60038,9,1,1.43370262391
532,MTA NYCT_6779_1,2018-04-12 16:10:58-04:00,4,True,4,0,0,58258,9,1,1.88824451411
533,MTA NYCT_6780_1,2018-04-06 18:34:24-04:00,4,True,5,0,5,66864,9,1,3.8840625
534,MTA NYCT_6780_1,2018-04-09 19:19:35-04:00,4,False,1,0,6,69575,9,1,2.81010526316
535,MTA NYCT_6780_1,2018-04-10 17:16:42-04:00,4,True,2,0,2,62202,9,1,1.6054985755
536,MTA NYCT_6781_1,2018-04-06 16:30:12-04:00,4,True,5,0,1,59412,9,1,2.13602787456
537,MTA NYCT_6781_1,2018-04-10 17:01:47-04:00,4,True,2,0,2,61307,9,1,2.45131004367
538,MTA NYCT_6781_1,2018-04-11 19:24:13-04:00,4,False,3,0,6,69853,9,1,-0.0493490898694
539,MTA NYCT_6781_1,2018-04-12 17:33:10-04:00,4,True,4,0,3,63190,9,1,1.79867132867
540,MTA NYCT_6783_1,2018-04-08 18:00:13-04:00,4,False,7,1,4,64813,9,1,2.63367713004
541,MTA NYCT_6783_1,2018-04-10 16:25:32-04:00,4,True,2,0,0,59132,9,1,2.66904977376
542,MTA NYCT_6784_1,2018-04-06 18:36:23-04:00,4,True,5,0,5,66983,9,1,2.235703125
543,MTA NYCT_6784_1,2018-04-07 17:16:30-04:00,4,False,6,1,2,62190,9,1,2.37486607143
544,MTA NYCT_6784_1,2018-04-11 16:01:46-04:00,4,True,3,0,0,57706,9,1,1.80239382239
545,MTA NYCT_6784_1,2018-04-12 16:04:39-04:00,4,True,4,0,0,57879,9,1,2.32684210526
546,MTA NYCT_6784_2,2018-04-09 18:58:08-04:00,4,True,1,0,5,68288,9,1,4.27598425197
547,MTA NYCT_6786_1,2018-04-12 16:33:24-04:00,4,True,4,0,1,59604,9,1,1.73205607477
548,MTA NYCT_6787_1,2018-04-11 16:42:27-04:00,4,True,3,0,1,60147,9,1,1.99491452991
549,MTA NYCT_6789_1,2018-04-09 16:27:03-04:00,4,True,1,0,0,59223,9,1,2.25055776892
550,MTA NYCT_3829_1,2018-04-08 16:21:42.724000-04:00,5,False,7,1,0,58902,8,3,2.70180851064
551,MTA NYCT_3829_2,2018-04-08 19:33:33.504000-04:00,5,False,7,1,7,70413,8,3,2.64595744681
552,MTA NYCT_3830_1,2018-04-10 17:41:00.253000-04:00,5,True,2,0,3,63660,8,3,1.05481770833
553,MTA NYCT_3831_1,2018-04-06 17:38:02.768000-04:00,5,True,5,0,3,63482,8,3,1.64464646465
554,MTA NYCT_3831_1,2018-04-11 17:51:40.613000-04:00,5,True,3,0,3,64300,8,3,0.772527964206
555,MTA NYCT_3831_1,2018-04-12 16:59:21.693000-04:00,5,True,4,0,1,61161,8,3,2.19362694301
556,MTA NYCT_3832_1,2018-04-10 16:00:17-04:00,5,True,2,0,0,57617,8,3,1.70789473684
557,MTA NYCT_3832_1,2018-04-12 18:50:23-04:00,5,True,4,0,5,67823,8,3,1.50262237762
558,MTA NYCT_3833_1,2018-04-08 17:24:26-04:00,5,False,7,1,2,62666,8,3,3.374921875
559,MTA NYCT_3833_1,2018-04-09 17:39:45-04:00,5,True,1,0,3,63585,8,3,1.07735632184
560,MTA NYCT_3833_1,2018-04-11 18:20:13-04:00,5,True,3,0,4,66013,8,3,1.35877604167
561,MTA NYCT_3833_1,2018-04-12 18:06:53-04:00,5,True,4,0,4,65213,8,3,1.92046099291
562,MTA NYCT_3834_1,2018-04-07 17:24:53-04:00,5,False,6,1,2,62693,8,3,2.59383419689
563,MTA NYCT_3834_1,2018-04-09 18:45:15-04:00,5,True,1,0,5,67515,8,3,2.21407239819
564,MTA NYCT_3835_1,2018-04-09 18:29:56-04:00,5,True,1,0,4,66596,8,3,0.3384375
565,MTA NYCT_3835_1,2018-04-10 17:53:12-04:00,5,True,2,0,3,64392,8,3,1.70290625
566,MTA NYCT_3837_1,2018-04-06 17:57:23-04:00,5,True,5,0,3,64643,8,3,0.961540469974
567,MTA NYCT_3837_1,2018-04-08 16:28:13-04:00,5,False,7,1,0,59293,8,3,2.93436842105
568,MTA NYCT_3837_1,2018-04-09 16:18:09-04:00,5,True,1,0,0,58689,8,3,2.0659009009
569,MTA NYCT_3838_1,2018-04-06 16:47:12-04:00,5,True,5,0,1,60432,8,3,1.5845026178
570,MTA NYCT_3838_1,2018-04-09 16:12:47-04:00,5,True,1,0,0,58367,8,3,1.56921568627
571,MTA NYCT_3838_1,2018-04-11 16:39:30-04:00,5,True,3,0,1,59970,8,3,1.46
572,MTA NYCT_3881_1,2018-04-09 17:42:49-04:00,5,True,1,0,3,63769,8,3,1.6358125
573,MTA NYCT_3881_1,2018-04-10 19:57:52-04:00,5,False,2,0,7,71872,8,3,3.247734375
574,MTA NYCT_3882_1,2018-04-09 16:52:43-04:00,5,True,1,0,1,60763,8,3,1.569
575,MTA NYCT_3882_1,2018-04-11 16:48:55-04:00,5,True,3,0,1,60535,8,3,1.32151832461
576,MTA NYCT_3882_1,2018-04-12 16:45:39-04:00,5,True,4,0,1,60339,8,3,1.75160714286
577,MTA NYCT_3883_1,2018-04-09 16:17:11-04:00,5,True,1,0,0,58631,8,3,1.45158450704
578,MTA NYCT_3883_1,2018-04-10 16:12:58-04:00,5,True,2,0,0,58378,8,3,1.96272727273
579,MTA NYCT_3883_1,2018-04-11 16:39:50-04:00,5,True,3,0,1,59990,8,3,1.90586614173
580,MTA NYCT_3883_1,2018-04-12 18:07:01-04:00,5,True,4,0,4,65221,8,3,2.10180645161
581,MTA NYCT_3883_2,2018-04-09 19:57:27-04:00,5,False,1,0,7,71847,8,3,3.06291338583
582,MTA NYCT_3885_1,2018-04-12 18:58:40-04:00,5,True,4,0,5,68320,8,3,1.23749385749
583,MTA NYCT_3886_1,2018-04-08 17:12:18-04:00,5,False,7,1,2,61938,8,3,5.58914893617
584,MTA NYCT_3886_1,2018-04-09 18:45:12-04:00,5,True,1,0,5,67512,8,3,1.44574647887
585,MTA NYCT_3886_1,2018-04-10 18:43:54-04:00,5,True,2,0,5,67434,8,3,2.66724409449
586,MTA NYCT_3886_2,2018-04-08 19:44:38-04:00,5,False,7,1,7,71078,8,3,
587,MTA NYCT_3887_1,2018-04-09 17:11:18-04:00,5,True,1,0,2,61878,8,3,1.44153846154
588,MTA NYCT_3887_1,2018-04-10 16:51:41-04:00,5,True,2,0,1,60701,8,3,2.14864253394
589,MTA NYCT_3887_1,2018-04-11 18:17:04-04:00,5,True,3,0,4,65824,8,3,1.42164912281
590,MTA NYCT_3887_1,2018-04-12 17:38:13-04:00,5,True,4,0,3,63493,8,3,0.906152219873
591,MTA NYCT_3888_1,2018-04-09 16:34:49-04:00,5,True,1,0,1,59689,8,3,1.72703517588
592,MTA NYCT_3888_1,2018-04-10 16:12:17-04:00,5,True,2,0,0,58337,8,3,3.1020754717
593,MTA NYCT_3888_1,2018-04-11 17:57:06-04:00,5,True,3,0,3,64626,8,3,1.65171171171
594,MTA NYCT_3889_1,2018-04-06 16:03:18-04:00,5,True,5,0,0,57798,8,3,1.95857777778
595,MTA NYCT_3889_1,2018-04-09 18:04:55-04:00,5,True,1,0,4,65095,8,3,1.54378881988
596,MTA NYCT_3889_1,2018-04-11 17:30:36-04:00,5,True,3,0,3,63036,8,3,1.06315436242
597,MTA NYCT_3889_2,2018-04-06 19:12:32-04:00,5,False,5,0,6,69152,8,3,2.85610526316
598,MTA NYCT_3890_1,2018-04-06 17:28:49-04:00,5,True,5,0,2,62929,8,3,3.45773584906
599,MTA NYCT_3890_1,2018-04-10 17:09:16-04:00,5,True,2,0,2,61756,8,3,1.75846456693
600,MTA NYCT_3891_1,2018-04-06 16:30:02-04:00,5,True,5,0,1,59402,8,3,2.68012578616
601,MTA NYCT_3891_1,2018-04-08 18:01:17-04:00,5,False,7,1,4,64877,8,3,2.51147286822
602,MTA NYCT_3891_1,2018-04-12 17:19:51-04:00,5,True,4,0,2,62391,8,3,0.956110056926
603,MTA NYCT_3893_1,2018-04-08 16:06:20-04:00,5,False,7,1,0,57980,8,3,3.58381679389
604,MTA NYCT_3893_1,2018-04-10 16:04:37-04:00,5,True,2,0,0,57877,8,3,2.81936842105
605,MTA NYCT_3893_2,2018-04-08 19:00:16-04:00,5,False,7,1,6,68416,8,3,8.20030769231
606,MTA NYCT_3893_2,2018-04-10 19:19:47-04:00,5,False,2,0,6,69587,8,3,1.9331277533
607,MTA NYCT_3894_1,2018-04-07 16:47:16-04:00,5,False,6,1,1,60436,8,3,2.16756862745
608,MTA NYCT_3894_1,2018-04-10 17:15:36-04:00,5,True,2,0,2,62136,8,3,1.36051724138
609,MTA NYCT_3894_1,2018-04-11 17:35:03-04:00,5,True,3,0,3,63303,8,3,2.36761538462
610,MTA NYCT_3894_1,2018-04-12 18:23:02-04:00,5,True,4,0,4,66182,8,3,1.93381322957
611,MTA NYCT_3895_1,2018-04-09 17:49:44-04:00,5,True,1,0,3,64184,8,3,1.25706896552
612,MTA NYCT_3895_1,2018-04-10 19:24:11-04:00,5,False,2,0,6,69851,8,3,2.01681102362
613,MTA NYCT_3895_1,2018-04-12 18:06:22-04:00,5,True,4,0,4,65182,8,3,1.47094827586
614,MTA NYCT_3896_1,2018-04-09 16:02:21-04:00,5,True,1,0,0,57741,8,3,1.52437062937
615,MTA NYCT_3896_1,2018-04-12 19:27:54-04:00,5,False,4,0,6,70074,8,3,2.49932291667
616,MTA NYCT_3896_2,2018-04-09 19:12:37-04:00,5,False,1,0,6,69157,8,3,1.29319371728
617,MTA NYCT_3897_1,2018-04-06 16:33:41-04:00,5,True,5,0,1,59621,8,3,1.58410526316
618,MTA NYCT_3897_1,2018-04-10 18:51:27-04:00,5,True,2,0,5,67887,8,3,2.25157480315
619,MTA NYCT_3898_1,2018-04-06 16:12:15-04:00,5,True,5,0,0,58335,8,3,1.74877828054
620,MTA NYCT_3898_1,2018-04-11 16:14:19-04:00,5,True,3,0,0,58459,8,3,5.07584615385
621,MTA NYCT_3899_1,2018-04-10 17:54:20-04:00,5,True,2,0,3,64460,8,3,1.89015625
622,MTA NYCT_3899_1,2018-04-12 16:54:20-04:00,5,True,4,0,1,60860,8,3,1.95600917431
623,MTA NYCT_3900_1,2018-04-06 16:10:55-04:00,5,True,5,0,0,58255,8,3,1.59588050314
624,MTA NYCT_3900_1,2018-04-07 16:03:33-04:00,5,False,6,1,0,57813,8,3,2.1501875
625,MTA NYCT_3900_1,2018-04-12 16:33:30-04:00,5,True,4,0,1,59610,8,3,1.30121037464
626,MTA NYCT_3900_2,2018-04-06 19:24:39-04:00,5,False,5,0,6,69879,8,3,1.62764940239
627,MTA NYCT_3901_1,2018-04-06 16:00:04-04:00,5,True,5,0,0,57604,8,3,1.12214285714
628,MTA NYCT_3902_1,2018-04-06 17:37:56-04:00,5,True,5,0,3,63476,8,3,1.45117460317
629,MTA NYCT_3902_1,2018-04-12 16:37:53-04:00,5,True,4,0,1,59873,8,3,1.29196581197
630,MTA NYCT_3903_1,2018-04-07 16:37:04-04:00,5,False,6,1,1,59824,8,3,2.40361256545
631,MTA NYCT_3904_1,2018-04-09 18:02:02-04:00,5,True,1,0,4,64922,8,3,2.7970212766
632,MTA NYCT_3904_1,2018-04-11 19:04:43-04:00,5,False,3,0,6,68683,8,3,2.34653153153
633,MTA NYCT_3904_1,2018-04-12 19:23:08-04:00,5,False,4,0,6,69788,8,3,3.1246875
634,MTA NYCT_6748_1,2018-04-06 17:42:54-04:00,5,True,5,0,3,63774,8,3,0.725484581498
635,MTA NYCT_6748_1,2018-04-07 17:26:39-04:00,5,False,6,1,2,62799,8,3,1.67634920635
636,MTA NYCT_6748_1,2018-04-08 18:20:15-04:00,5,False,7,1,4,66015,8,3,1.7465
637,MTA NYCT_6748_1,2018-04-10 18:28:03-04:00,5,True,2,0,4,66483,8,3,1.43718562874
638,MTA NYCT_6748_1,2018-04-11 17:48:31-04:00,5,True,3,0,3,64111,8,3,1.59993103448
639,MTA NYCT_6749_1,2018-04-06 18:42:56-04:00,5,True,5,0,5,67376,8,3,2.28953125
640,MTA NYCT_6749_1,2018-04-07 17:56:56-04:00,5,False,6,1,3,64616,8,3,2.69742138365
641,MTA NYCT_6749_1,2018-04-08 16:07:10-04:00,5,False,7,1,0,58030,8,3,2.97038216561
642,MTA NYCT_6749_1,2018-04-09 16:52:50-04:00,5,True,1,0,1,60770,8,3,1.424453125
643,MTA NYCT_6749_1,2018-04-10 16:41:22-04:00,5,True,2,0,1,60082,8,3,1.86898601399
644,MTA NYCT_6749_1,2018-04-11 17:14:01-04:00,5,True,3,0,2,62041,8,3,1.94520179372
645,MTA NYCT_6749_1,2018-04-12 17:04:51-04:00,5,True,4,0,2,61491,8,3,1.87946188341
646,MTA NYCT_6749_2,2018-04-08 19:28:55-04:00,5,False,7,1,6,70135,8,3,3.724453125
647,MTA NYCT_6750_1,2018-04-08 16:51:41-04:00,5,False,7,1,1,60701,8,3,2.98138297872
648,MTA NYCT_6750_1,2018-04-11 16:12:02-04:00,5,True,3,0,0,58322,8,3,3.00708860759
649,MTA NYCT_6750_2,2018-04-11 19:25:56-04:00,5,False,3,0,6,69956,8,3,3.9642519685
650,MTA NYCT_6751_1,2018-04-07 16:19:49-04:00,5,False,6,1,0,58789,8,3,2.42792
651,MTA NYCT_6751_1,2018-04-10 19:00:17-04:00,5,False,2,0,6,68417,8,3,1.66038910506
652,MTA NYCT_6751_1,2018-04-12 17:18:16-04:00,5,True,4,0,2,62296,8,3,0.943606271777
653,MTA NYCT_6752_1,2018-04-07 16:45:45-04:00,5,False,6,1,1,60345,8,3,1.89853107345
654,MTA NYCT_6752_1,2018-04-10 16:35:35-04:00,5,True,2,0,1,59735,8,3,0.970210325048
655,MTA NYCT_6752_1,2018-04-12 18:45:31-04:00,5,True,4,0,5,67531,8,3,2.07099236641
656,MTA NYCT_6757_1,2018-04-09 17:14:46-04:00,5,True,1,0,2,62086,8,3,1.84169291339
657,MTA NYCT_6758_1,2018-04-06 17:07:12-04:00,5,True,5,0,2,61632,8,3,1.69185534591
658,MTA NYCT_6758_1,2018-04-10 16:12:58-04:00,5,True,2,0,0,58378,8,3,2.65555555556
659,MTA NYCT_6758_1,2018-04-11 17:12:38-04:00,5,True,3,0,2,61958,8,3,1.91979166667
660,MTA NYCT_6758_2,2018-04-10 19:37:29-04:00,5,False,2,0,7,70649,8,3,2.23752
661,MTA NYCT_6759_1,2018-04-06 16:15:57-04:00,5,True,5,0,0,58557,8,3,2.05780104712
662,MTA NYCT_6759_1,2018-04-07 16:29:21-04:00,5,False,6,1,0,59361,8,3,1.53694915254
663,MTA NYCT_6759_1,2018-04-10 16:34:48-04:00,5,True,2,0,1,59688,8,3,1.35548611111
664,MTA NYCT_6759_1,2018-04-11 18:37:56-04:00,5,True,3,0,5,67076,8,3,3.80067669173
665,MTA NYCT_6759_1,2018-04-12 16:02:01-04:00,5,True,4,0,0,57721,8,3,1.02701570681
666,MTA NYCT_6760_1,2018-04-09 16:00:44-04:00,5,True,1,0,0,57644,8,3,1.69855123675
667,MTA NYCT_6760_1,2018-04-12 16:12:20-04:00,5,True,4,0,0,58340,8,3,1.56158415842
668,MTA NYCT_6761_1,2018-04-06 16:44:24-04:00,5,True,5,0,1,60264,8,3,3.105234375
669,MTA NYCT_6761_1,2018-04-07 17:48:55-04:00,5,False,6,1,3,64135,8,3,1.69144404332
670,MTA NYCT_6761_1,2018-04-09 17:03:42-04:00,5,True,1,0,2,61422,8,3,1.43363636364
671,MTA NYCT_6761_1,2018-04-12 16:48:15-04:00,5,True,4,0,1,60495,8,3,1.99174107143
672,MTA NYCT_6761_2,2018-04-06 19:39:45-04:00,5,False,5,0,7,70785,8,3,3.59504
673,MTA NYCT_6762_1,2018-04-06 18:12:46-04:00,5,True,5,0,4,65566,8,3,1.38678321678
674,MTA NYCT_6762_1,2018-04-10 17:04:02-04:00,5,True,2,0,2,61442,8,3,2.6253125
675,MTA NYCT_6762_1,2018-04-12 18:34:52-04:00,5,True,4,0,5,66892,8,3,
676,MTA NYCT_6763_1,2018-04-09 16:22:54-04:00,5,True,1,0,0,58974,8,3,1.48125
677,MTA NYCT_6764_1,2018-04-07 16:00:16-04:00,5,False,6,1,0,57616,8,3,3.8459375
678,MTA NYCT_6764_1,2018-04-11 18:51:19-04:00,5,True,3,0,5,67879,8,3,1.88234375
679,MTA NYCT_6764_1,2018-04-12 18:02:15-04:00,5,True,4,0,4,64935,8,3,1.56843260188
680,MTA NYCT_6765_1,2018-04-08 16:36:53-04:00,5,False,7,1,1,59813,8,3,2.41526315789
681,MTA NYCT_6765_1,2018-04-11 17:14:14-04:00,5,True,3,0,2,62054,8,3,1.21442666667
682,MTA NYCT_6765_1,2018-04-12 17:38:32-04:00,5,True,4,0,3,63512,8,3,1.07812865497
683,MTA NYCT_6766_1,2018-04-10 18:12:26-04:00,5,True,2,0,4,65546,8,3,1.54899305556
684,MTA NYCT_6766_1,2018-04-11 19:30:27-04:00,5,False,3,0,7,70227,8,3,2.63916230366
685,MTA NYCT_6767_1,2018-04-08 17:55:02-04:00,5,False,7,1,3,64502,8,3,5.12892473118
686,MTA NYCT_6767_1,2018-04-10 18:07:41-04:00,5,True,2,0,4,65261,8,3,1.72381165919
687,MTA NYCT_6767_1,2018-04-11 17:40:50-04:00,5,True,3,0,3,63650,8,3,1.31301994302
688,MTA NYCT_6767_1,2018-04-12 17:27:48-04:00,5,True,4,0,2,62868,8,3,1.57450777202
689,MTA NYCT_6768_1,2018-04-06 17:20:39-04:00,5,True,5,0,2,62439,8,3,0.8028125
690,MTA NYCT_6768_1,2018-04-07 18:23:34-04:00,5,False,6,1,4,66214,8,3,1.17338624339
691,MTA NYCT_6768_1,2018-04-11 17:25:56-04:00,5,True,3,0,2,62756,8,3,1.32951388889
692,MTA NYCT_6769_1,2018-04-09 16:39:45-04:00,5,True,1,0,1,59985,8,3,2.45447916667
693,MTA NYCT_6769_1,2018-04-11 17:38:07-04:00,5,True,3,0,3,63487,8,3,1.23214492754
694,MTA NYCT_6769_1,2018-04-12 16:07:54-04:00,5,True,4,0,0,58074,8,3,1.35546875
695,MTA NYCT_6769_2,2018-04-09 19:35:02-04:00,5,False,1,0,7,70502,8,3,1.74386206897
696,MTA NYCT_6770_1,2018-04-06 17:17:06-04:00,5,True,5,0,2,62226,8,3,1.74342342342
697,MTA NYCT_6770_1,2018-04-12 16:02:36-04:00,5,True,4,0,0,57756,8,3,1.27684507042
698,MTA NYCT_6771_1,2018-04-06 17:00:23-04:00,5,True,5,0,2,61223,8,3,2.14558951965
699,MTA NYCT_6771_1,2018-04-11 16:18:19-04:00,5,True,3,0,0,58699,8,3,2.0592760181
700,MTA NYCT_6771_1,2018-04-12 19:14:12-04:00,5,False,4,0,6,69252,8,3,1.78387434555
701,MTA NYCT_6772_1,2018-04-07 16:58:52-04:00,5,False,6,1,1,61132,8,3,1.9268556701
702,MTA NYCT_6772_1,2018-04-09 17:37:48-04:00,5,True,1,0,3,63468,8,3,1.70347368421
703,MTA NYCT_6772_1,2018-04-10 16:45:20-04:00,5,True,2,0,1,60320,8,3,2.19614349776
704,MTA NYCT_6773_1,2018-04-06 16:26:23-04:00,5,True,5,0,0,59183,8,3,2.62761290323
705,MTA NYCT_6774_1,2018-04-06 16:07:19-04:00,5,True,5,0,0,58039,8,3,2.78047619048
706,MTA NYCT_6775_1,2018-04-09 16:00:30-04:00,5,True,1,0,0,57630,8,3,0.64942408377
707,MTA NYCT_6775_1,2018-04-10 18:03:27-04:00,5,True,2,0,4,65007,8,3,2.716875
708,MTA NYCT_6775_1,2018-04-11 19:36:43-04:00,5,False,3,0,7,70603,8,3,1.99686098655
709,MTA NYCT_6776_1,2018-04-08 16:57:24-04:00,5,False,7,1,1,61044,8,3,3.08270440252
710,MTA NYCT_6776_1,2018-04-09 16:00:21-04:00,5,True,1,0,0,57621,8,3,1.0977972028
711,MTA NYCT_6776_1,2018-04-10 16:24:32-04:00,5,True,2,0,0,59072,8,3,1.46110526316
712,MTA NYCT_6776_1,2018-04-11 18:08:15-04:00,5,True,3,0,4,65295,8,3,1.52177142857
713,MTA NYCT_6777_1,2018-04-06 17:08:21-04:00,5,True,5,0,2,61701,8,3,1.61732394366
714,MTA NYCT_6777_1,2018-04-09 17:21:56-04:00,5,True,1,0,2,62516,8,3,1.38917613636
715,MTA NYCT_6777_1,2018-04-11 17:57:33-04:00,5,True,3,0,3,64653,8,3,1.22693506494
716,MTA NYCT_6777_1,2018-04-12 16:24:21-04:00,5,True,4,0,0,59061,8,3,2.03149484536
717,MTA NYCT_6778_1,2018-04-09 16:45:43-04:00,5,True,1,0,1,60343,8,3,2.20037735849
718,MTA NYCT_6778_1,2018-04-10 16:14:41-04:00,5,True,2,0,0,58481,8,3,1.8972265625
719,MTA NYCT_6778_1,2018-04-12 19:41:25-04:00,5,False,4,0,7,70885,8,3,2.3979245283
720,MTA NYCT_6779_1,2018-04-06 16:54:06-04:00,5,True,5,0,1,60846,8,3,1.59715384615
721,MTA NYCT_6779_1,2018-04-08 18:35:14-04:00,5,False,7,1,5,66914,8,3,2.84672955975
722,MTA NYCT_6779_1,2018-04-11 16:46:52-04:00,5,True,3,0,1,60412,8,3,2.25151515152
723,MTA NYCT_6779_1,2018-04-12 16:16:49-04:00,5,True,4,0,0,58609,8,3,1.71768888889
724,MTA NYCT_6780_1,2018-04-06 18:37:04-04:00,5,True,5,0,5,67024,8,3,1.85020725389
725,MTA NYCT_6780_1,2018-04-09 19:24:21-04:00,5,False,1,0,6,69861,8,3,2.03556053812
726,MTA NYCT_6780_1,2018-04-10 17:23:04-04:00,5,True,2,0,2,62584,8,3,1.70285714286
727,MTA NYCT_6781_1,2018-04-06 16:35:32-04:00,5,True,5,0,1,59732,8,3,0.417373572594
728,MTA NYCT_6781_1,2018-04-10 17:06:08-04:00,5,True,2,0,2,61568,8,3,1.984375
729,MTA NYCT_6781_1,2018-04-11 16:29:52-04:00,5,True,3,0,0,59392,8,3,0.0466056648887
730,MTA NYCT_6781_1,2018-04-12 17:38:28-04:00,5,True,4,0,3,63508,8,3,1.03136268344
731,MTA NYCT_6783_1,2018-04-08 18:05:00-04:00,5,False,7,1,4,65100,8,3,5.19828125
732,MTA NYCT_6783_1,2018-04-10 16:30:17-04:00,5,True,2,0,1,59417,8,3,2.3664556962
733,MTA NYCT_6784_1,2018-04-06 18:41:12-04:00,5,True,5,0,5,67272,8,3,0.867177700348
734,MTA NYCT_6784_1,2018-04-07 17:21:17-04:00,5,False,6,1,2,62477,8,3,2.68945736434
735,MTA NYCT_6784_1,2018-04-09 16:00:13-04:00,5,True,1,0,0,57613,8,3,1.19031496063
736,MTA NYCT_6784_1,2018-04-11 16:06:37-04:00,5,True,3,0,0,57997,8,3,1.75427835052
737,MTA NYCT_6784_1,2018-04-12 16:08:21-04:00,5,True,4,0,0,58101,8,3,0.993928571429
738,MTA NYCT_6784_2,2018-04-09 19:00:48-04:00,5,False,1,0,6,68448,8,3,3.20689922481
739,MTA NYCT_6786_1,2018-04-12 16:39:16-04:00,5,True,4,0,1,59956,8,3,0.960208333333
740,MTA NYCT_6787_1,2018-04-11 16:46:53-04:00,5,True,3,0,1,60413,8,3,3.59554455446
741,MTA NYCT_6789_1,2018-04-09 16:31:45-04:00,5,True,1,0,1,59505,8,3,2.02790909091
742,MTA NYCT_3829_1,2018-04-08 16:23:49.024000-04:00,6,False,7,1,0,59029,9,3,3.60064
743,MTA NYCT_3829_2,2018-04-08 19:35:38.930000-04:00,6,False,7,1,7,70538,9,3,3.75976190476
744,MTA NYCT_3830_1,2018-04-10 17:47:56.703000-04:00,6,True,2,0,3,64076,9,3,3.4138
745,MTA NYCT_3831_1,2018-04-06 17:41:53.594000-04:00,6,True,5,0,3,63713,9,3,0.990850111857
746,MTA NYCT_3831_1,2018-04-11 17:59:39.573000-04:00,6,True,3,0,3,64779,9,3,1.57968454259
747,MTA NYCT_3831_1,2018-04-12 17:03:06.107000-04:00,6,True,4,0,2,61386,9,3,3.37116504854
748,MTA NYCT_3832_1,2018-04-10 16:02:25-04:00,6,True,2,0,0,57745,9,3,2.19883928571
749,MTA NYCT_3832_1,2018-04-12 18:55:40-04:00,6,True,4,0,5,68140,9,3,2.3367539267
750,MTA NYCT_3833_1,2018-04-08 17:27:07-04:00,6,False,7,1,2,62827,9,3,2.00921875
751,MTA NYCT_3833_1,2018-04-09 17:46:04-04:00,6,True,1,0,3,63964,9,3,1.88794520548
752,MTA NYCT_3833_1,2018-04-11 18:27:08-04:00,6,True,3,0,4,66428,9,3,2.16575
753,MTA NYCT_3833_1,2018-04-12 18:12:06-04:00,6,True,4,0,4,65526,9,3,2.03913265306
754,MTA NYCT_3834_1,2018-04-07 17:29:11-04:00,6,False,6,1,2,62951,9,3,3.16504
755,MTA NYCT_3834_1,2018-04-09 18:49:29-04:00,6,True,1,0,5,67769,9,3,1.854625
756,MTA NYCT_3835_1,2018-04-09 18:30:59-04:00,6,True,1,0,5,66659,9,3,3.37246153846
757,MTA NYCT_3835_1,2018-04-10 17:59:37-04:00,6,True,2,0,3,64777,9,3,1.48510416667
758,MTA NYCT_3837_1,2018-04-06 18:04:17-04:00,6,True,5,0,4,65057,9,3,1.81952879581
759,MTA NYCT_3837_1,2018-04-07 19:33:29-04:00,6,False,6,1,7,70409,9,3,1.56035714286
760,MTA NYCT_3837_1,2018-04-08 16:31:56-04:00,6,False,7,1,1,59516,9,3,2.09305343511
761,MTA NYCT_3837_1,2018-04-09 16:22:23-04:00,6,True,1,0,0,58943,9,3,1.23508928571
762,MTA NYCT_3838_1,2018-04-06 16:50:56-04:00,6,True,5,0,1,60656,9,3,1.90521052632
763,MTA NYCT_3838_1,2018-04-09 16:17:33-04:00,6,True,1,0,0,58653,9,3,2.2554887218
764,MTA NYCT_3838_1,2018-04-11 16:44:48-04:00,6,True,3,0,1,60288,9,3,2.39923469388
765,MTA NYCT_3881_1,2018-04-07 18:53:00-04:00,6,False,6,1,5,67980,9,3,2.552
766,MTA NYCT_3881_1,2018-04-09 17:49:14-04:00,6,True,1,0,3,64154,9,3,2.14974093264
767,MTA NYCT_3882_1,2018-04-07 18:38:32-04:00,6,False,6,1,5,67112,9,3,2.81787610619
768,MTA NYCT_3882_1,2018-04-09 16:56:26-04:00,6,True,1,0,1,60986,9,3,1.81207920792
769,MTA NYCT_3882_1,2018-04-11 16:52:37-04:00,6,True,3,0,1,60757,9,3,2.58099378882
770,MTA NYCT_3882_1,2018-04-12 16:50:27-04:00,6,True,4,0,1,60627,9,3,2.35228346457
771,MTA NYCT_3883_1,2018-04-09 16:22:28-04:00,6,True,1,0,0,58948,9,3,1.94791489362
772,MTA NYCT_3883_1,2018-04-10 16:17:43-04:00,6,True,2,0,0,58663,9,3,2.16
773,MTA NYCT_3883_1,2018-04-11 16:44:36-04:00,6,True,3,0,1,60276,9,3,2.70924528302
774,MTA NYCT_3885_1,2018-04-12 19:05:59-04:00,6,False,4,0,6,68759,9,3,1.99931937173
775,MTA NYCT_3886_1,2018-04-08 17:14:25-04:00,6,False,7,1,2,62065,9,3,1.99152380952
776,MTA NYCT_3886_1,2018-04-09 18:52:11-04:00,6,True,1,0,5,67931,9,3,2.56020618557
777,MTA NYCT_3886_1,2018-04-10 18:46:33-04:00,6,True,2,0,5,67593,9,3,1.98316455696
778,MTA NYCT_3886_2,2018-04-08 19:45:09-04:00,6,False,7,1,7,71109,9,3,2.76618556701
779,MTA NYCT_3887_1,2018-04-07 19:33:48-04:00,6,False,6,1,7,70428,9,3,8.504375
780,MTA NYCT_3887_1,2018-04-09 17:16:35-04:00,6,True,1,0,2,62195,9,3,1.77810126582
781,MTA NYCT_3887_1,2018-04-10 16:56:26-04:00,6,True,2,0,1,60986,9,3,1.43217105263
782,MTA NYCT_3887_1,2018-04-11 18:22:20-04:00,6,True,3,0,4,66140,9,3,1.99481981982
783,MTA NYCT_3887_1,2018-04-12 17:46:38-04:00,6,True,4,0,3,63998,9,3,2.0165
784,MTA NYCT_3888_1,2018-04-09 16:38:40-04:00,6,True,1,0,1,59920,9,3,1.68268041237
785,MTA NYCT_3888_1,2018-04-10 16:16:00-04:00,6,True,2,0,0,58560,9,3,1.6902020202
786,MTA NYCT_3888_1,2018-04-11 18:01:19-04:00,6,True,3,0,4,64879,9,3,2.18148148148
787,MTA NYCT_3889_1,2018-04-06 16:07:36-04:00,6,True,5,0,0,58056,9,3,2.18544502618
788,MTA NYCT_3889_1,2018-04-09 18:12:34-04:00,6,True,1,0,4,65554,9,3,1.84711206897
789,MTA NYCT_3889_1,2018-04-11 17:36:05-04:00,6,True,3,0,3,63365,9,3,1.54014035088
790,MTA NYCT_3889_2,2018-04-06 19:16:13-04:00,6,False,5,0,6,69373,9,3,1.77481675393
791,MTA NYCT_3890_1,2018-04-06 17:31:59-04:00,6,True,5,0,3,63119,9,3,1.69616352201
792,MTA NYCT_3890_1,2018-04-10 17:14:34-04:00,6,True,2,0,2,62074,9,3,1.56470899471
793,MTA NYCT_3891_1,2018-04-06 16:33:56-04:00,6,True,5,0,1,59636,9,3,1.2556284153
794,MTA NYCT_3891_1,2018-04-08 18:03:58-04:00,6,False,7,1,4,65038,9,3,1.4921025641
795,MTA NYCT_3891_1,2018-04-12 17:29:40-04:00,6,True,4,0,2,62980,9,3,1.10968531469
796,MTA NYCT_3893_1,2018-04-08 16:09:02-04:00,6,False,7,1,0,58142,9,3,3.15515463918
797,MTA NYCT_3893_1,2018-04-10 16:07:19-04:00,6,True,2,0,0,58039,9,3,2.33855670103
798,MTA NYCT_3893_2,2018-04-08 19:01:52-04:00,6,False,7,1,6,68512,9,3,3.38318181818
799,MTA NYCT_3893_2,2018-04-10 19:24:05-04:00,6,False,2,0,6,69845,9,3,1.904625
800,MTA NYCT_3894_1,2018-04-07 16:52:03-04:00,6,False,6,1,1,60723,9,3,1.6778280543
801,MTA NYCT_3894_1,2018-04-10 17:21:56-04:00,6,True,2,0,2,62516,9,3,1.576
802,MTA NYCT_3894_1,2018-04-11 17:37:45-04:00,6,True,3,0,3,63465,9,3,2.26984293194
803,MTA NYCT_3894_1,2018-04-12 18:28:22-04:00,6,True,4,0,4,66502,9,3,2.52860759494
804,MTA NYCT_3894_2,2018-04-07 19:55:11-04:00,6,False,6,1,7,71711,9,3,1.45020833333
805,MTA NYCT_3895_1,2018-04-09 17:56:36-04:00,6,True,1,0,3,64596,9,3,1.7221319797
806,MTA NYCT_3895_1,2018-04-10 19:29:29-04:00,6,False,2,0,6,70169,9,3,2.32925531915
807,MTA NYCT_3895_1,2018-04-12 18:13:14-04:00,6,True,4,0,4,65594,9,3,1.10431980907
808,MTA NYCT_3896_1,2018-04-09 16:07:39-04:00,6,True,1,0,0,58059,9,3,2.52154761905
809,MTA NYCT_3896_1,2018-04-12 19:31:39-04:00,6,False,4,0,7,70299,9,3,2.49452173913
810,MTA NYCT_3896_2,2018-04-09 19:16:20-04:00,6,False,1,0,6,69380,9,3,1.72714285714
811,MTA NYCT_3897_1,2018-04-06 16:38:58-04:00,6,True,5,0,1,59938,9,3,2.04878947368
812,MTA NYCT_3897_1,2018-04-10 18:54:06-04:00,6,True,2,0,5,68046,9,3,2.3651875
813,MTA NYCT_3898_1,2018-04-06 16:16:28-04:00,6,True,5,0,0,58588,9,3,2.73336842105
814,MTA NYCT_3898_1,2018-04-11 16:15:57-04:00,6,True,3,0,0,58557,9,3,2.02168316832
815,MTA NYCT_3899_1,2018-04-10 17:59:40-04:00,6,True,2,0,3,64780,9,3,2.03142857143
816,MTA NYCT_3899_1,2018-04-12 16:58:30-04:00,6,True,4,0,1,61110,9,3,1.53475524476
817,MTA NYCT_3900_1,2018-04-06 16:16:45-04:00,6,True,5,0,0,58605,9,3,2.19261146497
818,MTA NYCT_3900_1,2018-04-07 16:06:45-04:00,6,False,6,1,0,58005,9,3,3.80147286822
819,MTA NYCT_3900_1,2018-04-12 16:40:20-04:00,6,True,4,0,1,60020,9,3,2.00831818182
820,MTA NYCT_3900_2,2018-04-06 19:29:20-04:00,6,False,5,0,6,70160,9,3,1.90959276018
821,MTA NYCT_3900_2,2018-04-07 19:15:43-04:00,6,False,6,1,6,69343,9,3,2.49203125
822,MTA NYCT_3901_1,2018-04-06 16:02:56-04:00,6,True,5,0,0,57776,9,3,
823,MTA NYCT_3902_1,2018-04-06 17:43:42-04:00,6,True,5,0,3,63822,9,3,1.80400793651
824,MTA NYCT_3902_1,2018-04-11 16:00:05-04:00,6,True,3,0,0,57605,9,3,
825,MTA NYCT_3902_1,2018-04-12 16:44:47-04:00,6,True,4,0,1,60287,9,3,1.94859375
826,MTA NYCT_3903_1,2018-04-06 16:00:11-04:00,6,True,5,0,0,57611,9,3,
827,MTA NYCT_3903_1,2018-04-07 16:40:47-04:00,6,False,6,1,1,60047,9,3,2.51293706294
828,MTA NYCT_3904_1,2018-04-07 19:21:20-04:00,6,False,6,1,6,69680,9,3,2.69
829,MTA NYCT_3904_1,2018-04-09 18:04:09-04:00,6,True,1,0,4,65049,9,3,2.28098958333
830,MTA NYCT_3904_1,2018-04-11 19:08:57-04:00,6,False,3,0,6,68937,9,3,2.23888324873
831,MTA NYCT_3904_1,2018-04-12 19:25:48-04:00,6,False,4,0,6,69948,9,3,4.33915789474
832,MTA NYCT_6748_1,2018-04-06 17:50:59-04:00,6,True,5,0,3,64259,9,3,1.664
833,MTA NYCT_6748_1,2018-04-07 17:28:14-04:00,6,False,6,1,2,62894,9,3,3.10125
834,MTA NYCT_6748_1,2018-04-08 18:23:28-04:00,6,False,7,1,4,66208,9,3,1.56183246073
835,MTA NYCT_6748_1,2018-04-10 18:31:22-04:00,6,True,2,0,5,66682,9,3,1.58143859649
836,MTA NYCT_6748_1,2018-04-11 17:53:52-04:00,6,True,3,0,3,64432,9,3,1.74891050584
837,MTA NYCT_6749_1,2018-04-06 18:46:40-04:00,6,True,5,0,5,67600,9,3,1.98377358491
838,MTA NYCT_6749_1,2018-04-07 18:00:06-04:00,6,False,6,1,4,64806,9,3,1.8555511811
839,MTA NYCT_6749_1,2018-04-08 16:10:19-04:00,6,False,7,1,0,58219,9,3,2.68063829787
840,MTA NYCT_6749_1,2018-04-09 16:59:47-04:00,6,True,1,0,1,61187,9,3,0.922677824268
841,MTA NYCT_6749_1,2018-04-10 16:46:40-04:00,6,True,2,0,1,60400,9,3,2.51567708333
842,MTA NYCT_6749_1,2018-04-11 17:18:16-04:00,6,True,3,0,2,62296,9,3,2.74541666667
843,MTA NYCT_6749_1,2018-04-12 17:09:05-04:00,6,True,4,0,2,61745,9,3,2.30523560209
844,MTA NYCT_6749_2,2018-04-08 19:31:34-04:00,6,False,7,1,7,70294,9,3,1.73401234568
845,MTA NYCT_6750_1,2018-04-08 16:53:47-04:00,6,False,7,1,1,60827,9,3,3.45697841727
846,MTA NYCT_6750_1,2018-04-11 16:15:11-04:00,6,True,3,0,0,58511,9,3,2.30105263158
847,MTA NYCT_6750_2,2018-04-11 19:28:35-04:00,6,False,3,0,6,70115,9,3,1.50063291139
848,MTA NYCT_6751_1,2018-04-07 16:23:30-04:00,6,False,6,1,0,59010,9,3,1.72617801047
849,MTA NYCT_6751_1,2018-04-10 19:05:38-04:00,6,False,2,0,6,68738,9,3,2.02722727273
850,MTA NYCT_6751_1,2018-04-12 17:28:22-04:00,6,True,4,0,2,62902,9,3,1.344204947
851,MTA NYCT_6752_1,2018-04-07 16:49:14-04:00,6,False,6,1,1,60554,9,3,2.15804878049
852,MTA NYCT_6752_1,2018-04-10 16:44:49-04:00,6,True,2,0,1,60289,9,3,1.47306620209
853,MTA NYCT_6752_1,2018-04-12 18:51:19-04:00,6,True,4,0,5,67879,9,3,1.98831168831
854,MTA NYCT_6757_1,2018-04-09 17:20:03-04:00,6,True,1,0,2,62403,9,3,2.74828220859
855,MTA NYCT_6758_1,2018-04-06 17:13:02-04:00,6,True,5,0,2,61982,9,3,1.90901041667
856,MTA NYCT_6758_1,2018-04-10 16:16:39-04:00,6,True,2,0,0,58599,9,3,2.03062893082
857,MTA NYCT_6758_1,2018-04-11 17:16:21-04:00,6,True,3,0,2,62181,9,3,1.56870175439
858,MTA NYCT_6758_2,2018-04-10 19:40:06-04:00,6,False,2,0,7,70806,9,3,1.95245059289
859,MTA NYCT_6759_1,2018-04-06 16:19:40-04:00,6,True,5,0,0,58780,9,3,1.93877729258
860,MTA NYCT_6759_1,2018-04-07 16:35:47-04:00,6,False,6,1,1,59747,9,3,1.4574375
861,MTA NYCT_6759_1,2018-04-10 16:40:08-04:00,6,True,2,0,1,60008,9,3,2.17113300493
862,MTA NYCT_6759_1,2018-04-11 18:40:41-04:00,6,True,3,0,5,67241,9,3,1.99875
863,MTA NYCT_6759_1,2018-04-12 16:08:55-04:00,6,True,4,0,0,58135,9,3,2.05861607143
864,MTA NYCT_6760_1,2018-04-09 16:05:57-04:00,6,True,1,0,0,57957,9,3,2.991375
865,MTA NYCT_6760_1,2018-04-11 16:00:08-04:00,6,True,3,0,0,57608,9,3,
866,MTA NYCT_6760_1,2018-04-12 16:17:55-04:00,6,True,4,0,0,58675,9,3,2.41876847291
867,MTA NYCT_6761_1,2018-04-06 16:47:36-04:00,6,True,5,0,1,60456,9,3,3.42372093023
868,MTA NYCT_6761_1,2018-04-07 17:54:05-04:00,6,False,6,1,3,64445,9,3,1.58893700787
869,MTA NYCT_6761_1,2018-04-09 17:10:05-04:00,6,True,1,0,2,61805,9,3,0.866571428571
870,MTA NYCT_6761_1,2018-04-12 16:52:31-04:00,6,True,4,0,1,60751,9,3,3.62073684211
871,MTA NYCT_6761_2,2018-04-06 19:42:21-04:00,6,False,5,0,7,70941,9,3,1.81152866242
872,MTA NYCT_6762_1,2018-04-06 18:18:38-04:00,6,True,5,0,4,65918,9,3,2.24442748092
873,MTA NYCT_6762_1,2018-04-10 17:07:45-04:00,6,True,2,0,2,61665,9,3,3.140546875
874,MTA NYCT_6763_1,2018-04-09 16:26:39-04:00,6,True,1,0,0,59199,9,3,2.18631578947
875,MTA NYCT_6764_1,2018-04-07 16:02:56-04:00,6,False,6,1,0,57776,9,3,1.57634615385
876,MTA NYCT_6764_1,2018-04-11 18:56:40-04:00,6,True,3,0,5,68200,9,3,1.95401826484
877,MTA NYCT_6764_1,2018-04-12 18:08:38-04:00,6,True,4,0,4,65318,9,3,1.14286746988
878,MTA NYCT_6765_1,2018-04-08 16:39:00-04:00,6,False,7,1,1,59940,9,3,1.94714285714
879,MTA NYCT_6765_1,2018-04-11 17:21:02-04:00,6,True,3,0,2,62462,9,3,2.28176100629
880,MTA NYCT_6765_1,2018-04-12 17:47:36-04:00,6,True,4,0,3,64056,9,3,1.71706185567
881,MTA NYCT_6766_1,2018-04-10 18:17:46-04:00,6,True,2,0,4,65866,9,3,2.02097777778
882,MTA NYCT_6766_1,2018-04-11 19:34:11-04:00,6,False,3,0,7,70451,9,3,2.5205
883,MTA NYCT_6767_1,2018-04-08 17:57:06-04:00,6,False,7,1,3,64626,9,3,1.90359375
884,MTA NYCT_6767_1,2018-04-11 17:48:14-04:00,6,True,3,0,3,64094,9,3,2.46666666667
885,MTA NYCT_6767_1,2018-04-12 17:32:36-04:00,6,True,4,0,3,63156,9,3,1.9378125
886,MTA NYCT_6768_1,2018-04-06 17:25:27-04:00,6,True,5,0,2,62727,9,3,1.12771428571
887,MTA NYCT_6768_1,2018-04-07 18:30:54-04:00,6,False,6,1,5,66654,9,3,2.0907
888,MTA NYCT_6768_1,2018-04-11 17:31:16-04:00,6,True,3,0,3,63076,9,3,3.0393902439
889,MTA NYCT_6769_1,2018-04-09 16:43:28-04:00,6,True,1,0,1,60208,9,3,2.58826086957
890,MTA NYCT_6769_1,2018-04-11 17:44:24-04:00,6,True,3,0,3,63864,9,3,2.29134615385
891,MTA NYCT_6769_1,2018-04-12 16:13:46-04:00,6,True,4,0,0,58426,9,3,1.83189873418
892,MTA NYCT_6769_2,2018-04-09 19:40:23-04:00,6,False,1,0,7,70823,9,3,2.18072916667
893,MTA NYCT_6770_1,2018-04-06 17:21:20-04:00,6,True,5,0,2,62480,9,3,1.62535433071
894,MTA NYCT_6770_1,2018-04-12 16:09:03-04:00,6,True,4,0,0,58143,9,3,2.34
895,MTA NYCT_6771_1,2018-04-06 17:04:43-04:00,6,True,5,0,2,61483,9,3,2.00567567568
896,MTA NYCT_6771_1,2018-04-11 16:22:33-04:00,6,True,3,0,0,58953,9,3,2.02472477064
897,MTA NYCT_6771_1,2018-04-12 19:17:55-04:00,6,False,4,0,6,69475,9,3,1.66768965517
898,MTA NYCT_6772_1,2018-04-07 17:02:37-04:00,6,False,6,1,2,61357,9,3,2.61927835052
899,MTA NYCT_6772_1,2018-04-09 17:43:05-04:00,6,True,1,0,3,63785,9,3,1.77003952569
900,MTA NYCT_6772_1,2018-04-10 16:49:35-04:00,6,True,2,0,1,60575,9,3,2.13231884058
901,MTA NYCT_6773_1,2018-04-06 16:29:30-04:00,6,True,5,0,0,59370,9,3,1.94482142857
902,MTA NYCT_6774_1,2018-04-06 16:11:01-04:00,6,True,5,0,0,58261,9,3,3.45302325581
903,MTA NYCT_6775_1,2018-04-09 16:04:14-04:00,6,True,1,0,0,57854,9,3,2.38256281407
904,MTA NYCT_6775_1,2018-04-10 18:07:10-04:00,6,True,2,0,4,65230,9,3,2.08525773196
905,MTA NYCT_6775_1,2018-04-11 19:41:30-04:00,6,False,3,0,7,70890,9,3,0.0455208333333
906,MTA NYCT_6776_1,2018-04-08 17:01:07-04:00,6,False,7,1,2,61267,9,3,3.27598425197
907,MTA NYCT_6776_1,2018-04-09 16:05:39-04:00,6,True,1,0,0,57939,9,3,3.43614173228
908,MTA NYCT_6776_1,2018-04-10 16:28:14-04:00,6,True,2,0,0,59294,9,3,0.960988142292
909,MTA NYCT_6776_1,2018-04-11 18:14:36-04:00,6,True,3,0,4,65676,9,3,
910,MTA NYCT_6777_1,2018-04-06 17:13:39-04:00,6,True,5,0,2,62019,9,3,1.74761904762
911,MTA NYCT_6777_1,2018-04-09 17:28:21-04:00,6,True,1,0,2,62901,9,3,0.936099706745
912,MTA NYCT_6777_1,2018-04-11 18:04:29-04:00,6,True,3,0,4,65069,9,3,1.99150442478
913,MTA NYCT_6777_1,2018-04-12 16:28:07-04:00,6,True,4,0,0,59287,9,3,1.48957703927
914,MTA NYCT_6778_1,2018-04-07 16:00:00-04:00,6,False,6,1,0,57600,9,3,2.29296875
915,MTA NYCT_6778_1,2018-04-09 16:48:54-04:00,6,True,1,0,1,60534,9,3,1.42087227414
916,MTA NYCT_6778_1,2018-04-10 16:19:28-04:00,6,True,2,0,0,58768,9,3,0.970294117647
917,MTA NYCT_6778_1,2018-04-12 19:44:36-04:00,6,False,4,0,7,71076,9,3,1.83931937173
918,MTA NYCT_6778_2,2018-04-07 19:24:51-04:00,6,False,6,1,6,69891,9,3,2.16480620155
919,MTA NYCT_6779_1,2018-04-06 16:56:48-04:00,6,True,5,0,1,61008,9,3,1.29285714286
920,MTA NYCT_6779_1,2018-04-08 18:38:24-04:00,6,False,7,1,5,67104,9,3,1.11873684211
921,MTA NYCT_6779_1,2018-04-11 16:51:15-04:00,6,True,3,0,1,60675,9,3,2.7065060241
922,MTA NYCT_6779_1,2018-04-12 16:21:07-04:00,6,True,4,0,0,58867,9,3,1.81658730159
923,MTA NYCT_6780_1,2018-04-06 18:40:49-04:00,6,True,5,0,5,67249,9,3,3.97821052632
924,MTA NYCT_6780_1,2018-04-09 19:28:36-04:00,6,False,1,0,6,70116,9,3,2.11899371069
925,MTA NYCT_6780_1,2018-04-10 17:28:22-04:00,6,True,2,0,2,62902,9,3,2.13677083333
926,MTA NYCT_6781_1,2018-04-06 16:46:19-04:00,6,True,5,0,1,60379,9,3,2.26731707317
927,MTA NYCT_6781_1,2018-04-10 17:10:23-04:00,6,True,2,0,2,61823,9,3,2.01860824742
928,MTA NYCT_6781_1,2018-04-11 16:34:08-04:00,6,True,3,0,1,59648,9,3,1.69523560209
929,MTA NYCT_6781_1,2018-04-12 17:46:56-04:00,6,True,4,0,3,64016,9,3,4.60708333333
930,MTA NYCT_6783_1,2018-04-08 18:07:08-04:00,6,False,7,1,4,65228,9,3,1.67968911917
931,MTA NYCT_6783_1,2018-04-10 16:33:59-04:00,6,True,2,0,1,59639,9,3,1.81860103627
932,MTA NYCT_6784_1,2018-04-06 18:46:30-04:00,6,True,5,0,5,67590,9,3,1.54241245136
933,MTA NYCT_6784_1,2018-04-07 17:23:59-04:00,6,False,6,1,2,62639,9,3,1.71211538462
934,MTA NYCT_6784_1,2018-04-09 16:02:53-04:00,6,True,1,0,0,57773,9,3,1.95738219895
935,MTA NYCT_6784_1,2018-04-11 16:10:23-04:00,6,True,3,0,0,58223,9,3,1.9277826087
936,MTA NYCT_6784_1,2018-04-12 16:16:48-04:00,6,True,4,0,0,58608,9,3,2.00937219731
937,MTA NYCT_6784_2,2018-04-09 19:04:00-04:00,6,False,1,0,6,68640,9,3,1.10358885017
938,MTA NYCT_6786_1,2018-04-12 16:46:43-04:00,6,True,4,0,1,60403,9,3,1.9439375
939,MTA NYCT_6787_1,2018-04-11 16:49:06-04:00,6,True,3,0,1,60546,9,3,2.4177486911
940,MTA NYCT_6789_1,2018-04-07 18:28:08-04:00,6,False,6,1,4,66488,9,3,
941,MTA NYCT_6789_1,2018-04-09 16:35:56-04:00,6,True,1,0,1,59756,9,3,1.63320512821
942,MTA NYCT_3829_2,2018-04-08 19:10:08.004000-04:00,1,False,7,1,6,69008,11,4,2.07547038328
943,MTA NYCT_3830_1,2018-04-10 17:15:40.168000-04:00,1,True,2,0,2,62140,11,4,3.41468181818
944,MTA NYCT_3831_1,2018-04-06 17:08:40.403000-04:00,1,True,5,0,2,61720,11,4,3.99283018868
945,MTA NYCT_3831_1,2018-04-11 17:02:24.667000-04:00,1,True,3,0,2,61344,11,4,0.617493816983
946,MTA NYCT_3831_1,2018-04-12 16:36:44.893000-04:00,1,True,4,0,1,59804,11,4,4.08634920635
947,MTA NYCT_3832_1,2018-04-12 18:24:58-04:00,1,True,4,0,4,66298,11,4,3.34036842105
948,MTA NYCT_3833_1,2018-04-08 17:02:12-04:00,1,False,7,1,2,61332,11,4,2.82385542169
949,MTA NYCT_3833_1,2018-04-09 17:08:36-04:00,1,True,1,0,2,61716,11,4,2.05293948127
950,MTA NYCT_3833_1,2018-04-11 17:55:00-04:00,1,True,3,0,3,64500,11,4,2.19674107143
951,MTA NYCT_3833_1,2018-04-12 17:41:17-04:00,1,True,4,0,3,63677,11,4,4.45351851852
952,MTA NYCT_3834_1,2018-04-07 17:00:56-04:00,1,False,6,1,2,61256,11,4,5.57166666667
953,MTA NYCT_3834_1,2018-04-09 18:15:36-04:00,1,True,1,0,4,65736,11,4,2.23449567723
954,MTA NYCT_3834_2,2018-04-07 19:50:06-04:00,1,False,6,1,7,71406,11,4,3.36008928571
955,MTA NYCT_3837_1,2018-04-06 17:30:56-04:00,1,True,5,0,3,63056,11,4,2.88854166667
956,MTA NYCT_3837_1,2018-04-07 19:01:53-04:00,1,False,6,1,6,68513,11,4,2.94175097276
957,MTA NYCT_3837_1,2018-04-08 16:01:28-04:00,1,False,7,1,0,57688,11,4,2.44857585139
958,MTA NYCT_3837_2,2018-04-09 19:57:53-04:00,1,False,1,0,7,71873,11,4,3.45393700787
959,MTA NYCT_3838_1,2018-04-06 16:12:37-04:00,1,True,5,0,0,58357,11,4,2.54098101266
960,MTA NYCT_3881_1,2018-04-07 18:17:20-04:00,1,False,6,1,4,65840,11,4,3.67257894737
961,MTA NYCT_3881_1,2018-04-09 17:17:11-04:00,1,True,1,0,2,62231,11,4,4.13161490683
962,MTA NYCT_3881_1,2018-04-10 19:39:23-04:00,1,False,2,0,7,70763,11,4,8.42042105263
963,MTA NYCT_3882_1,2018-04-07 18:03:47-04:00,1,False,6,1,4,65027,11,4,3.74635416667
964,MTA NYCT_3882_1,2018-04-09 16:25:59-04:00,1,True,1,0,0,59159,11,4,3.61380090498
965,MTA NYCT_3882_1,2018-04-11 16:06:47-04:00,1,True,3,0,0,58007,11,4,0.661420612813
966,MTA NYCT_3882_1,2018-04-12 16:18:50-04:00,1,True,4,0,0,58730,11,4,4.30842519685
967,MTA NYCT_3883_1,2018-04-11 16:00:03-04:00,1,True,3,0,0,57603,11,4,0.498366812227
968,MTA NYCT_3883_1,2018-04-12 17:36:53-04:00,1,True,4,0,3,63413,11,4,2.25371069182
969,MTA NYCT_3883_2,2018-04-09 19:41:02-04:00,1,False,1,0,7,70862,11,4,9.6473015873
970,MTA NYCT_3885_1,2018-04-12 18:35:25-04:00,1,True,4,0,5,66925,11,4,3.546
971,MTA NYCT_3886_1,2018-04-08 16:47:26-04:00,1,False,7,1,1,60446,11,4,2.45882882883
972,MTA NYCT_3886_1,2018-04-09 18:23:09-04:00,1,True,1,0,4,66189,11,4,6.65008928571
973,MTA NYCT_3886_1,2018-04-10 18:15:37-04:00,1,True,2,0,4,65737,11,4,2.75080139373
974,MTA NYCT_3886_2,2018-04-08 19:32:02-04:00,1,False,7,1,7,70322,11,4,8.38301587302
975,MTA NYCT_3887_1,2018-04-07 19:07:00-04:00,1,False,6,1,6,68820,11,4,8.456875
976,MTA NYCT_3887_1,2018-04-09 16:42:38-04:00,1,True,1,0,1,60158,11,4,2.42596825397
977,MTA NYCT_3887_1,2018-04-10 16:24:34-04:00,1,True,2,0,0,59074,11,4,3.27740909091
978,MTA NYCT_3887_1,2018-04-11 17:44:19-04:00,1,True,3,0,3,63859,11,4,1.4924260355
979,MTA NYCT_3887_1,2018-04-12 17:05:14-04:00,1,True,4,0,2,61514,11,4,2.01617414248
980,MTA NYCT_3888_1,2018-04-09 16:08:20-04:00,1,True,1,0,0,58100,11,4,2.23940809969
981,MTA NYCT_3888_1,2018-04-11 17:13:08-04:00,1,True,3,0,2,61988,11,4,0.527106413994
982,MTA NYCT_3889_1,2018-04-09 17:39:51-04:00,1,True,1,0,3,63591,11,4,9.10444444444
983,MTA NYCT_3889_1,2018-04-11 16:44:10-04:00,1,True,3,0,1,60250,11,4,0.589991961415
984,MTA NYCT_3889_2,2018-04-06 18:48:59-04:00,1,True,5,0,5,67739,11,4,3.70393700787
985,MTA NYCT_3890_1,2018-04-06 17:02:27-04:00,1,True,5,0,2,61347,11,4,4.84288461538
986,MTA NYCT_3890_1,2018-04-10 16:39:41-04:00,1,True,2,0,1,59981,11,4,2.28678125
987,MTA NYCT_3891_1,2018-04-06 16:00:01-04:00,1,True,5,0,0,57601,11,4,1.2304743083
988,MTA NYCT_3891_1,2018-04-08 17:35:12-04:00,1,False,7,1,3,63312,11,4,3.18771551724
989,MTA NYCT_3891_1,2018-04-12 16:50:14-04:00,1,True,4,0,1,60614,11,4,3.34336170213
990,MTA NYCT_3893_2,2018-04-08 18:41:24-04:00,1,False,7,1,5,67284,11,4,3.88322916667
991,MTA NYCT_3893_2,2018-04-10 18:54:54-04:00,1,True,2,0,5,68094,11,4,3.56149606299
992,MTA NYCT_3894_1,2018-04-07 16:23:32-04:00,1,False,6,1,0,59012,11,4,2.51096885813
993,MTA NYCT_3894_1,2018-04-10 16:48:38-04:00,1,True,2,0,1,60518,11,4,2.52978947368
994,MTA NYCT_3894_1,2018-04-11 16:53:40-04:00,1,True,3,0,1,60820,11,4,0.7395215311
995,MTA NYCT_3894_1,2018-04-12 17:58:16-04:00,1,True,4,0,3,64696,11,4,4.38829113924
996,MTA NYCT_3894_2,2018-04-07 19:29:08-04:00,1,False,6,1,6,70148,11,4,5.81070866142
997,MTA NYCT_3895_1,2018-04-09 17:21:50-04:00,1,True,1,0,2,62510,11,4,3.86345549738
998,MTA NYCT_3895_1,2018-04-10 19:03:47-04:00,1,False,2,0,6,68627,11,4,4.928
999,MTA NYCT_3895_1,2018-04-12 17:34:02-04:00,1,True,4,0,3,63242,11,4,3.75240837696
1000,MTA NYCT_3896_1,2018-04-12 19:08:16-04:00,1,False,4,0,6,68896,11,4,4.689140625
1001,MTA NYCT_3896_2,2018-04-09 18:48:41-04:00,1,True,1,0,5,67721,11,4,3.08434977578
1002,MTA NYCT_3897_1,2018-04-06 16:05:09-04:00,1,True,5,0,0,57909,11,4,2.68368627451
1003,MTA NYCT_3897_1,2018-04-10 18:27:59-04:00,1,True,2,0,4,66479,11,4,3.17141732283
1004,MTA NYCT_3899_1,2018-04-10 17:17:34-04:00,1,True,2,0,2,62254,11,4,2.45644827586
1005,MTA NYCT_3899_1,2018-04-12 16:27:43-04:00,1,True,4,0,0,59263,11,4,3.90842105263
1006,MTA NYCT_3900_1,2018-04-12 16:00:13-04:00,1,True,4,0,0,57613,11,4,2.00317610063
1007,MTA NYCT_3900_2,2018-04-06 19:03:48-04:00,1,False,5,0,6,68628,11,4,4.6042962963
1008,MTA NYCT_3900_2,2018-04-07 18:39:24-04:00,1,False,6,1,5,67164,11,4,5.98433070866
1009,MTA NYCT_3902_1,2018-04-06 17:06:49-04:00,1,True,5,0,2,61609,11,4,1.81646341463
1010,MTA NYCT_3902_1,2018-04-12 16:10:03-04:00,1,True,4,0,0,58203,11,4,3.85147368421
1011,MTA NYCT_3903_1,2018-04-07 16:14:11-04:00,1,False,6,1,0,58451,11,4,5.45834645669
1012,MTA NYCT_3904_1,2018-04-07 18:51:37-04:00,1,False,6,1,5,67897,11,4,5.49338582677
1013,MTA NYCT_3904_1,2018-04-11 18:41:15-04:00,1,True,3,0,5,67275,11,4,3.35399103139
1014,MTA NYCT_3904_1,2018-04-12 19:05:04-04:00,1,False,4,0,6,68704,11,4,4.4996969697
1015,MTA NYCT_6748_1,2018-04-06 17:16:09-04:00,1,True,5,0,2,62169,11,4,2.79134715026
1016,MTA NYCT_6748_1,2018-04-07 17:05:12-04:00,1,False,6,1,2,61512,11,4,4.63873134328
1017,MTA NYCT_6748_1,2018-04-08 18:02:30-04:00,1,False,7,1,4,64950,11,4,3.97382352941
1018,MTA NYCT_6748_1,2018-04-11 17:05:41-04:00,1,True,3,0,2,61541,11,4,0.627565674256
1019,MTA NYCT_6749_1,2018-04-06 18:11:29-04:00,1,True,5,0,4,65489,11,4,4.71443037975
1020,MTA NYCT_6749_1,2018-04-07 17:33:41-04:00,1,False,6,1,3,63221,11,4,3.91808
1021,MTA NYCT_6749_1,2018-04-09 16:26:16-04:00,1,True,1,0,0,59176,11,4,2.84103603604
1022,MTA NYCT_6749_1,2018-04-10 16:23:22-04:00,1,True,2,0,0,59002,11,4,4.89359375
1023,MTA NYCT_6749_1,2018-04-12 16:35:12-04:00,1,True,4,0,1,59712,11,4,2.93200787402
1024,MTA NYCT_6749_2,2018-04-08 19:09:51-04:00,1,False,7,1,6,68991,11,4,3.89044585987
1025,MTA NYCT_6750_1,2018-04-08 16:24:42-04:00,1,False,7,1,0,59082,11,4,2.37892405063
1026,MTA NYCT_6750_1,2018-04-09 16:39:59-04:00,1,True,1,0,1,59999,11,4,2.23339622642
1027,MTA NYCT_6750_2,2018-04-11 19:07:23-04:00,1,False,3,0,6,68843,11,4,3.45591194969
1028,MTA NYCT_6751_1,2018-04-10 18:36:50-04:00,1,True,2,0,5,67010,11,4,3.35390625
1029,MTA NYCT_6751_1,2018-04-12 16:47:26-04:00,1,True,4,0,1,60446,11,4,2.57850694444
1030,MTA NYCT_6752_1,2018-04-10 16:11:32-04:00,1,True,2,0,0,58292,11,4,3.16565022422
1031,MTA NYCT_6752_1,2018-04-12 18:24:47-04:00,1,True,4,0,4,66287,11,4,4.165234375
1032,MTA NYCT_6758_1,2018-04-06 16:38:06-04:00,1,True,5,0,1,59886,11,4,3.06288537549
1033,MTA NYCT_6758_1,2018-04-11 16:33:49-04:00,1,True,3,0,1,59629,11,4,0.551615452151
1034,MTA NYCT_6758_2,2018-04-10 19:18:37-04:00,1,False,2,0,6,69517,11,4,3.46356481481
1035,MTA NYCT_6759_1,2018-04-07 16:02:20-04:00,1,False,6,1,0,57740,11,4,4.61320987654
1036,MTA NYCT_6759_1,2018-04-10 16:05:03-04:00,1,True,2,0,0,57903,11,4,1.89588082902
1037,MTA NYCT_6759_1,2018-04-11 18:12:54-04:00,1,True,3,0,4,65574,11,4,3.27522123894
1038,MTA NYCT_6761_1,2018-04-06 16:25:05-04:00,1,True,5,0,0,59105,11,4,4.35395833333
1039,MTA NYCT_6761_1,2018-04-07 17:24:26-04:00,1,False,6,1,2,62666,11,4,6.115078125
1040,MTA NYCT_6761_1,2018-04-09 16:38:00-04:00,1,True,1,0,1,59880,11,4,2.74644444444
1041,MTA NYCT_6761_1,2018-04-12 16:18:33-04:00,1,True,4,0,0,58713,11,4,4.58842767296
1042,MTA NYCT_6761_2,2018-04-06 19:18:28-04:00,1,False,5,0,6,69508,11,4,4.24090909091
1043,MTA NYCT_6762_1,2018-04-06 17:42:36-04:00,1,True,5,0,3,63756,11,4,2.96984251969
1044,MTA NYCT_6762_1,2018-04-10 16:42:30-04:00,1,True,2,0,1,60150,11,4,4.0896875
1045,MTA NYCT_6762_1,2018-04-12 18:11:16-04:00,1,True,4,0,4,65476,11,4,2.34198113208
1046,MTA NYCT_6763_1,2018-04-09 16:00:32-04:00,1,True,1,0,0,57632,11,4,0.716602564103
1047,MTA NYCT_6764_1,2018-04-11 18:29:15-04:00,1,True,3,0,4,66555,11,4,4.714
1048,MTA NYCT_6764_1,2018-04-12 17:32:18-04:00,1,True,4,0,3,63138,11,4,3.18406926407
1049,MTA NYCT_6765_1,2018-04-08 16:18:51-04:00,1,False,7,1,0,58731,11,4,4.7279245283
1050,MTA NYCT_6765_1,2018-04-10 19:59:02-04:00,1,False,2,0,7,71942,11,4,1.730625
1051,MTA NYCT_6765_1,2018-04-11 16:26:39-04:00,1,True,3,0,0,59199,11,4,0.580582847627
1052,MTA NYCT_6765_1,2018-04-12 17:05:29-04:00,1,True,4,0,2,61529,11,4,2.29984423676
1053,MTA NYCT_6766_1,2018-04-10 17:35:37-04:00,1,True,2,0,3,63337,11,4,1.8728125
1054,MTA NYCT_6766_1,2018-04-11 19:05:06-04:00,1,False,3,0,6,68706,11,4,2.13816199377
1055,MTA NYCT_6767_1,2018-04-08 17:36:54-04:00,1,False,7,1,3,63414,11,4,3.82664921466
1056,MTA NYCT_6767_1,2018-04-10 17:39:42-04:00,1,True,2,0,3,63582,11,4,4.55888198758
1057,MTA NYCT_6767_1,2018-04-11 16:56:07-04:00,1,True,3,0,1,60967,11,4,0.638318965517
1058,MTA NYCT_6767_1,2018-04-12 16:53:36-04:00,1,True,4,0,1,60816,11,4,2.54453608247
1059,MTA NYCT_6768_1,2018-04-06 16:48:37-04:00,1,True,5,0,1,60517,11,4,2.49470404984
1060,MTA NYCT_6768_1,2018-04-07 17:52:54-04:00,1,False,6,1,3,64374,11,4,2.92299212598
1061,MTA NYCT_6768_1,2018-04-11 16:44:22-04:00,1,True,3,0,1,60262,11,4,0.668310463122
1062,MTA NYCT_6769_1,2018-04-09 16:11:37-04:00,1,True,1,0,0,58297,11,4,2.31432601881
1063,MTA NYCT_6769_1,2018-04-11 16:50:16-04:00,1,True,3,0,1,60616,11,4,0.623191304348
1064,MTA NYCT_6769_2,2018-04-09 19:18:32-04:00,1,False,1,0,6,69512,11,4,3.97537974684
1065,MTA NYCT_6770_1,2018-04-06 16:45:55-04:00,1,True,5,0,1,60355,11,4,2.66028169014
1066,MTA NYCT_6771_1,2018-04-06 16:29:45-04:00,1,True,5,0,0,59385,11,4,3.42316062176
1067,MTA NYCT_6771_1,2018-04-07 19:40:19-04:00,1,False,6,1,7,70819,11,4,4.0315625
1068,MTA NYCT_6771_1,2018-04-12 18:51:21-04:00,1,True,4,0,5,67881,11,4,1.61993548387
1069,MTA NYCT_6772_1,2018-04-07 16:33:34-04:00,1,False,6,1,1,59614,11,4,5.35118110236
1070,MTA NYCT_6772_1,2018-04-09 17:12:52-04:00,1,True,1,0,2,61972,11,4,3.86539267016
1071,MTA NYCT_6772_1,2018-04-10 16:18:47-04:00,1,True,2,0,0,58727,11,4,1.93323759791
1072,MTA NYCT_6775_1,2018-04-10 17:32:08-04:00,1,True,2,0,3,63128,11,4,3.97296875
1073,MTA NYCT_6775_1,2018-04-11 19:17:03-04:00,1,False,3,0,6,69423,11,4,4.54082278481
1074,MTA NYCT_6776_1,2018-04-08 16:38:14-04:00,1,False,7,1,1,59894,11,4,5.13961832061
1075,MTA NYCT_6776_1,2018-04-10 16:00:14-04:00,1,True,2,0,0,57614,11,4,0.70859375
1076,MTA NYCT_6776_1,2018-04-11 17:33:49-04:00,1,True,3,0,3,63229,11,4,0.928073394495
1077,MTA NYCT_6777_1,2018-04-06 16:39:53-04:00,1,True,5,0,1,59993,11,4,3.68819095477
1078,MTA NYCT_6777_1,2018-04-09 16:57:37-04:00,1,True,1,0,1,61057,11,4,4.35633587786
1079,MTA NYCT_6777_1,2018-04-11 17:15:41-04:00,1,True,3,0,2,62141,11,4,0.572491987179
1080,MTA NYCT_6777_1,2018-04-12 16:00:31-04:00,1,True,4,0,0,57631,11,4,2.3115625
1081,MTA NYCT_6778_1,2018-04-06 19:41:05-04:00,1,False,5,0,7,70865,11,4,2.31996884735
1082,MTA NYCT_6778_1,2018-04-09 16:12:49-04:00,1,True,1,0,0,58369,11,4,3.39205357143
1083,MTA NYCT_6778_1,2018-04-12 19:17:29-04:00,1,False,4,0,6,69449,11,4,2.55575862069
1084,MTA NYCT_6778_2,2018-04-07 18:21:46-04:00,1,False,6,1,4,66106,11,4,3.87953367876
1085,MTA NYCT_6779_1,2018-04-06 16:24:39-04:00,1,True,5,0,0,59079,11,4,2.36043613707
1086,MTA NYCT_6779_1,2018-04-08 18:20:18-04:00,1,False,7,1,4,66018,11,4,4.13671875
1087,MTA NYCT_6779_1,2018-04-11 16:00:29-04:00,1,True,3,0,0,57629,11,4,0.456098790323
1088,MTA NYCT_6780_1,2018-04-06 18:14:02-04:00,1,True,5,0,4,65642,11,4,3.93427672956
1089,MTA NYCT_6780_1,2018-04-09 19:06:39-04:00,1,False,1,0,6,68799,11,4,9.67079365079
1090,MTA NYCT_6780_1,2018-04-10 16:54:46-04:00,1,True,2,0,1,60886,11,4,2.57100694444
1091,MTA NYCT_6781_1,2018-04-06 16:08:23-04:00,1,True,5,0,0,58103,11,4,2.35624605678
1092,MTA NYCT_6781_1,2018-04-11 16:00:05-04:00,1,True,3,0,0,57605,11,4,0.409764397906
1093,MTA NYCT_6781_1,2018-04-12 17:08:10-04:00,1,True,4,0,2,61690,11,4,2.83011811024
1094,MTA NYCT_6782_1,2018-04-08 19:52:30-04:00,1,False,7,1,7,71550,11,4,1.12727272727
1095,MTA NYCT_6783_1,2018-04-08 17:47:26-04:00,1,False,7,1,3,64046,11,4,4.57730769231
1096,MTA NYCT_6783_1,2018-04-10 16:00:41-04:00,1,True,2,0,0,57641,11,4,1.96455026455
1097,MTA NYCT_6784_1,2018-04-06 18:17:39-04:00,1,True,5,0,4,65859,11,4,3.20834196891
1098,MTA NYCT_6784_1,2018-04-07 16:59:30-04:00,1,False,6,1,1,61170,11,4,3.54134020619
1099,MTA NYCT_6784_2,2018-04-09 18:37:54-04:00,1,True,1,0,5,67074,11,4,3.50669642857
1100,MTA NYCT_6786_1,2018-04-12 16:08:27-04:00,1,True,4,0,0,58107,11,4,2.43635416667
1101,MTA NYCT_6789_1,2018-04-07 17:42:32-04:00,1,False,6,1,3,63752,11,4,3.85722513089
1102,MTA NYCT_6789_1,2018-04-09 16:00:21-04:00,1,True,1,0,0,57621,11,4,1.73330188679
