NewVehicleRef,Timestamp_x,segment_id,HalfHourly,intersections_y,busstops_y,DayOfWeek_y,Holiday_y,BusLane_y,AvgSpeed
MTA NYCT_3829_1,2018-04-08 16:00:17.604000-04:00,2,0,15,5,7,1,False,2.44565853659
MTA NYCT_3829_1,2018-04-08 16:07:40.959000-04:00,3,0,16,6,7,1,False,1.80629770992
MTA NYCT_3829_1,2018-04-08 16:16:56.783000-04:00,4,0,9,1,7,1,False,1.59709803922
MTA NYCT_3829_1,2018-04-08 16:21:42.724000-04:00,5,0,8,3,7,1,False,2.70180851064
MTA NYCT_3829_1,2018-04-08 16:23:49.024000-04:00,6,0,9,3,7,1,False,3.60064
MTA NYCT_3829_2,2018-04-08 19:10:08.004000-04:00,1,6,11,4,7,1,False,2.07547038328
MTA NYCT_3829_2,2018-04-08 19:15:25.935000-04:00,2,6,15,5,7,1,False,2.26733780761
MTA NYCT_3829_2,2018-04-08 19:23:23.810000-04:00,3,6,16,6,7,1,False,2.95921465969
MTA NYCT_3829_2,2018-04-08 19:30:19.744000-04:00,4,7,9,1,7,1,False,3.53906976744
MTA NYCT_3829_2,2018-04-08 19:33:33.504000-04:00,5,7,8,3,7,1,False,2.64595744681
MTA NYCT_3829_2,2018-04-08 19:35:38.930000-04:00,6,7,9,3,7,1,False,3.75976190476
MTA NYCT_3830_1,2018-04-10 17:15:40.168000-04:00,1,2,11,4,2,0,True,3.41468181818
MTA NYCT_3830_1,2018-04-10 17:20:23.458000-04:00,2,2,15,5,2,0,True,2.28071748879
MTA NYCT_3830_1,2018-04-10 17:28:28.119000-04:00,3,2,16,6,2,0,True,2.34320754717
MTA NYCT_3830_1,2018-04-10 17:36:04.189000-04:00,4,3,9,1,2,0,True,1.82301886792
MTA NYCT_3830_1,2018-04-10 17:41:00.253000-04:00,5,3,8,3,2,0,True,1.05481770833
MTA NYCT_3830_1,2018-04-10 17:47:56.703000-04:00,6,3,9,3,2,0,True,3.4138
MTA NYCT_3831_1,2018-04-06 17:08:40.403000-04:00,1,2,11,4,5,0,True,3.99283018868
MTA NYCT_3831_1,2018-04-11 17:02:24.667000-04:00,1,2,11,4,3,0,True,0.617493816983
MTA NYCT_3831_1,2018-04-12 16:36:44.893000-04:00,1,1,11,4,4,0,True,4.08634920635
MTA NYCT_3831_1,2018-04-06 17:12:22.248000-04:00,2,2,15,5,5,0,True,1.79563291139
MTA NYCT_3831_1,2018-04-11 17:23:09.538000-04:00,2,2,15,5,3,0,True,1.42904020752
MTA NYCT_3831_1,2018-04-12 16:39:22.533000-04:00,2,1,15,5,4,0,True,3.78975806452
MTA NYCT_3831_1,2018-04-06 17:20:50.367000-04:00,3,2,16,6,5,0,True,1.81025510204
MTA NYCT_3831_1,2018-04-11 17:37:03.863000-04:00,3,3,16,6,3,0,True,2.12390455531
MTA NYCT_3831_1,2018-04-12 16:44:36.662000-04:00,3,1,16,6,4,0,True,2.22629277567
MTA NYCT_3831_1,2018-04-06 17:31:09.732000-04:00,4,3,9,1,5,0,True,1.80231428571
MTA NYCT_3831_1,2018-04-11 17:45:17.884000-04:00,4,3,9,1,3,0,True,1.66626780627
MTA NYCT_3831_1,2018-04-12 16:53:54.823000-04:00,4,1,9,1,4,0,True,1.92798634812
MTA NYCT_3831_1,2018-04-06 17:38:02.768000-04:00,5,3,8,3,5,0,True,1.64464646465
MTA NYCT_3831_1,2018-04-11 17:51:40.613000-04:00,5,3,8,3,3,0,True,0.772527964206
MTA NYCT_3831_1,2018-04-12 16:59:21.693000-04:00,5,1,8,3,4,0,True,2.19362694301
MTA NYCT_3831_1,2018-04-06 17:41:53.594000-04:00,6,3,9,3,5,0,True,0.990850111857
MTA NYCT_3831_1,2018-04-11 17:59:39.573000-04:00,6,3,9,3,3,0,True,1.57968454259
MTA NYCT_3831_1,2018-04-12 17:03:06.107000-04:00,6,2,9,3,4,0,True,3.37116504854
MTA NYCT_3832_1,2018-04-12 18:24:58-04:00,1,4,11,4,4,0,True,3.34036842105
MTA NYCT_3832_1,2018-04-12 18:28:40-04:00,2,4,15,5,4,0,True,3.28034482759
MTA NYCT_3832_1,2018-04-12 18:34:31-04:00,3,5,16,6,4,0,True,1.75699842022
MTA NYCT_3832_1,2018-04-12 18:45:36-04:00,4,5,9,1,4,0,True,1.89368627451
MTA NYCT_3832_1,2018-04-10 16:00:17-04:00,5,0,8,3,2,0,True,1.70789473684
MTA NYCT_3832_1,2018-04-12 18:50:23-04:00,5,5,8,3,4,0,True,1.50262237762
MTA NYCT_3832_1,2018-04-10 16:02:25-04:00,6,0,9,3,2,0,True,2.19883928571
MTA NYCT_3832_1,2018-04-12 18:55:40-04:00,6,5,9,3,4,0,True,2.3367539267
MTA NYCT_3833_1,2018-04-08 17:02:12-04:00,1,2,11,4,7,1,False,2.82385542169
MTA NYCT_3833_1,2018-04-09 17:08:36-04:00,1,2,11,4,1,0,True,2.05293948127
MTA NYCT_3833_1,2018-04-11 17:55:00-04:00,1,3,11,4,3,0,True,2.19674107143
MTA NYCT_3833_1,2018-04-12 17:41:17-04:00,1,3,11,4,4,0,True,4.45351851852
MTA NYCT_3833_1,2018-04-08 17:06:52-04:00,2,2,15,5,7,1,False,2.09011160714
MTA NYCT_3833_1,2018-04-09 17:14:55-04:00,2,2,15,5,1,0,True,1.7953078203
MTA NYCT_3833_1,2018-04-11 18:01:23-04:00,2,4,15,5,3,0,True,2.28392771084
MTA NYCT_3833_1,2018-04-12 17:44:30-04:00,2,3,15,5,4,0,True,2.61775147929
MTA NYCT_3833_1,2018-04-08 17:14:52-04:00,3,2,16,6,7,1,False,3.49408805031
MTA NYCT_3833_1,2018-04-09 17:25:28-04:00,3,2,16,6,1,0,True,2.29264573991
MTA NYCT_3833_1,2018-04-11 18:11:13-04:00,3,4,16,6,3,0,True,2.48508710801
MTA NYCT_3833_1,2018-04-12 17:50:59-04:00,3,3,16,6,4,0,True,1.96943760984
MTA NYCT_3833_1,2018-04-08 17:20:42-04:00,4,2,9,1,7,1,False,3.87571428571
MTA NYCT_3833_1,2018-04-09 17:33:26-04:00,4,3,9,1,1,0,True,1.7325
MTA NYCT_3833_1,2018-04-11 18:16:33-04:00,4,4,9,1,3,0,True,2.49404255319
MTA NYCT_3833_1,2018-04-12 18:01:32-04:00,4,4,9,1,4,0,True,1.86597222222
MTA NYCT_3833_1,2018-04-08 17:24:26-04:00,5,2,8,3,7,1,False,3.374921875
MTA NYCT_3833_1,2018-04-09 17:39:45-04:00,5,3,8,3,1,0,True,1.07735632184
MTA NYCT_3833_1,2018-04-11 18:20:13-04:00,5,4,8,3,3,0,True,1.35877604167
MTA NYCT_3833_1,2018-04-12 18:06:53-04:00,5,4,8,3,4,0,True,1.92046099291
MTA NYCT_3833_1,2018-04-08 17:27:07-04:00,6,2,9,3,7,1,False,2.00921875
MTA NYCT_3833_1,2018-04-09 17:46:04-04:00,6,3,9,3,1,0,True,1.88794520548
MTA NYCT_3833_1,2018-04-11 18:27:08-04:00,6,4,9,3,3,0,True,2.16575
MTA NYCT_3833_1,2018-04-12 18:12:06-04:00,6,4,9,3,4,0,True,2.03913265306
MTA NYCT_3834_1,2018-04-07 17:00:56-04:00,1,2,11,4,6,1,False,5.57166666667
MTA NYCT_3834_1,2018-04-09 18:15:36-04:00,1,4,11,4,1,0,True,2.23449567723
MTA NYCT_3834_1,2018-04-07 17:03:34-04:00,2,2,15,5,6,1,False,2.3202184466
MTA NYCT_3834_1,2018-04-09 18:21:55-04:00,2,4,15,5,1,0,True,1.74288718929
MTA NYCT_3834_1,2018-04-07 17:11:28-04:00,3,2,16,6,6,1,False,2.04878968254
MTA NYCT_3834_1,2018-04-09 18:31:46-04:00,3,5,16,6,1,0,True,2.10778004073
MTA NYCT_3834_1,2018-04-07 17:20:58-04:00,4,2,9,1,6,1,False,3.41893617021
MTA NYCT_3834_1,2018-04-09 18:40:28-04:00,4,5,9,1,1,0,True,1.92727626459
MTA NYCT_3834_1,2018-04-07 17:24:53-04:00,5,2,8,3,6,1,False,2.59383419689
MTA NYCT_3834_1,2018-04-09 18:45:15-04:00,5,5,8,3,1,0,True,2.21407239819
MTA NYCT_3834_1,2018-04-07 17:29:11-04:00,6,2,9,3,6,1,False,3.16504
MTA NYCT_3834_1,2018-04-09 18:49:29-04:00,6,5,9,3,1,0,True,1.854625
MTA NYCT_3834_2,2018-04-07 19:50:06-04:00,1,7,11,4,6,1,False,3.36008928571
MTA NYCT_3834_2,2018-04-07 19:54:22-04:00,2,7,15,5,6,1,False,3.31782101167
MTA NYCT_3835_1,2018-04-09 18:14:12-04:00,2,4,15,5,1,0,True,4.72215384615
MTA NYCT_3835_1,2018-04-09 18:15:49-04:00,3,4,16,6,1,0,True,2.27933471933
MTA NYCT_3835_1,2018-04-10 17:40:26-04:00,3,3,16,6,2,0,True,2.03528440367
MTA NYCT_3835_1,2018-04-09 18:24:22-04:00,4,4,9,1,1,0,True,2.07658031088
MTA NYCT_3835_1,2018-04-10 17:50:02-04:00,4,3,9,1,2,0,True,2.95575949367
MTA NYCT_3835_1,2018-04-09 18:29:56-04:00,5,4,8,3,1,0,True,0.3384375
MTA NYCT_3835_1,2018-04-10 17:53:12-04:00,5,3,8,3,2,0,True,1.70290625
MTA NYCT_3835_1,2018-04-09 18:30:59-04:00,6,5,9,3,1,0,True,3.37246153846
MTA NYCT_3835_1,2018-04-10 17:59:37-04:00,6,3,9,3,2,0,True,1.48510416667
MTA NYCT_3837_1,2018-04-06 17:30:56-04:00,1,3,11,4,5,0,True,2.88854166667
MTA NYCT_3837_1,2018-04-07 19:01:53-04:00,1,6,11,4,6,1,False,2.94175097276
MTA NYCT_3837_1,2018-04-08 16:01:28-04:00,1,0,11,4,7,1,False,2.44857585139
MTA NYCT_3837_1,2018-04-06 17:34:39-04:00,2,3,15,5,5,0,True,2.02037037037
MTA NYCT_3837_1,2018-04-07 19:06:42-04:00,2,6,15,5,6,1,False,2.22624444444
MTA NYCT_3837_1,2018-04-08 16:07:55-04:00,2,0,15,5,7,1,False,1.9810251046
MTA NYCT_3837_1,2018-04-09 16:00:10-04:00,2,0,15,5,1,0,True,1.82492063492
MTA NYCT_3837_1,2018-04-06 17:44:43-04:00,3,3,16,6,5,0,True,2.33016877637
MTA NYCT_3837_1,2018-04-08 16:16:25-04:00,3,0,16,6,7,1,False,2.33256124722
MTA NYCT_3837_1,2018-04-09 16:02:48-04:00,3,0,16,6,1,0,True,2.32603603604
MTA NYCT_3837_1,2018-04-06 17:53:09-04:00,4,3,9,1,5,0,True,2.53443946188
MTA NYCT_3837_1,2018-04-08 16:24:27-04:00,4,0,9,1,7,1,False,3.24896373057
MTA NYCT_3837_1,2018-04-09 16:10:44-04:00,4,0,9,1,1,0,True,1.38837378641
MTA NYCT_3837_1,2018-04-06 17:57:23-04:00,5,3,8,3,5,0,True,0.961540469974
MTA NYCT_3837_1,2018-04-08 16:28:13-04:00,5,0,8,3,7,1,False,2.93436842105
MTA NYCT_3837_1,2018-04-09 16:18:09-04:00,5,0,8,3,1,0,True,2.0659009009
MTA NYCT_3837_1,2018-04-06 18:04:17-04:00,6,4,9,3,5,0,True,1.81952879581
MTA NYCT_3837_1,2018-04-07 19:33:29-04:00,6,7,9,3,6,1,False,1.56035714286
MTA NYCT_3837_1,2018-04-08 16:31:56-04:00,6,1,9,3,7,1,False,2.09305343511
MTA NYCT_3837_1,2018-04-09 16:22:23-04:00,6,0,9,3,1,0,True,1.23508928571
MTA NYCT_3837_2,2018-04-09 19:57:53-04:00,1,7,11,4,1,0,False,3.45393700787
MTA NYCT_3838_1,2018-04-06 16:12:37-04:00,1,0,11,4,5,0,True,2.54098101266
MTA NYCT_3838_1,2018-04-06 16:18:26-04:00,2,0,15,5,5,0,True,1.62188811189
MTA NYCT_3838_1,2018-04-06 16:28:29-04:00,3,0,16,6,5,0,True,1.96389655172
MTA NYCT_3838_1,2018-04-09 16:00:29-04:00,3,0,16,6,1,0,True,1.59454326923
MTA NYCT_3838_1,2018-04-11 16:26:43-04:00,3,0,16,6,3,0,True,2.34852678571
MTA NYCT_3838_1,2018-04-06 16:38:41-04:00,4,1,9,1,5,0,True,1.31342379958
MTA NYCT_3838_1,2018-04-09 16:07:58-04:00,4,0,9,1,1,0,True,2.22579766537
MTA NYCT_3838_1,2018-04-11 16:34:43-04:00,4,1,9,1,3,0,True,1.89349019608
MTA NYCT_3838_1,2018-04-06 16:47:12-04:00,5,1,8,3,5,0,True,1.5845026178
MTA NYCT_3838_1,2018-04-09 16:12:47-04:00,5,0,8,3,1,0,True,1.56921568627
MTA NYCT_3838_1,2018-04-11 16:39:30-04:00,5,1,8,3,3,0,True,1.46
MTA NYCT_3838_1,2018-04-06 16:50:56-04:00,6,1,9,3,5,0,True,1.90521052632
MTA NYCT_3838_1,2018-04-09 16:17:33-04:00,6,0,9,3,1,0,True,2.2554887218
MTA NYCT_3838_1,2018-04-11 16:44:48-04:00,6,1,9,3,3,0,True,2.39923469388
MTA NYCT_3881_1,2018-04-07 18:17:20-04:00,1,4,11,4,6,1,False,3.67257894737
MTA NYCT_3881_1,2018-04-09 17:17:11-04:00,1,2,11,4,1,0,True,4.13161490683
MTA NYCT_3881_1,2018-04-10 19:39:23-04:00,1,7,11,4,2,0,False,8.42042105263
MTA NYCT_3881_1,2018-04-07 18:21:01-04:00,2,4,15,5,6,1,False,1.60290414878
MTA NYCT_3881_1,2018-04-09 17:20:24-04:00,2,2,15,5,1,0,True,2.0368359375
MTA NYCT_3881_1,2018-04-10 19:41:31-04:00,2,7,15,5,2,0,False,2.19577272727
MTA NYCT_3881_1,2018-04-09 17:29:28-04:00,3,2,16,6,1,0,True,2.25164444444
MTA NYCT_3881_1,2018-04-10 19:49:24-04:00,3,7,16,6,2,0,False,3.33082352941
MTA NYCT_3881_1,2018-04-09 17:37:30-04:00,4,3,9,1,1,0,True,1.98513888889
MTA NYCT_3881_1,2018-04-10 19:54:10-04:00,4,7,9,1,2,0,False,2.61272251309
MTA NYCT_3881_1,2018-04-09 17:42:49-04:00,5,3,8,3,1,0,True,1.6358125
MTA NYCT_3881_1,2018-04-10 19:57:52-04:00,5,7,8,3,2,0,False,3.247734375
MTA NYCT_3881_1,2018-04-07 18:53:00-04:00,6,5,9,3,6,1,False,2.552
MTA NYCT_3881_1,2018-04-09 17:49:14-04:00,6,3,9,3,1,0,True,2.14974093264
MTA NYCT_3882_1,2018-04-07 18:03:47-04:00,1,4,11,4,6,1,False,3.74635416667
MTA NYCT_3882_1,2018-04-09 16:25:59-04:00,1,0,11,4,1,0,True,3.61380090498
MTA NYCT_3882_1,2018-04-11 16:06:47-04:00,1,0,11,4,3,0,True,0.661420612813
MTA NYCT_3882_1,2018-04-12 16:18:50-04:00,1,0,11,4,4,0,True,4.30842519685
MTA NYCT_3882_1,2018-04-07 18:07:31-04:00,2,4,15,5,6,1,False,1.7927037037
MTA NYCT_3882_1,2018-04-09 16:30:14-04:00,2,1,15,5,1,0,True,2.34487046632
MTA NYCT_3882_1,2018-04-11 16:25:48-04:00,2,0,15,5,3,0,True,1.54077961019
MTA NYCT_3882_1,2018-04-12 16:21:29-04:00,2,0,15,5,4,0,True,2.41635164835
MTA NYCT_3882_1,2018-04-07 18:17:36-04:00,3,4,16,6,6,1,False,
MTA NYCT_3882_1,2018-04-09 16:37:11-04:00,3,1,16,6,1,0,True,2.25896629213
MTA NYCT_3882_1,2018-04-11 16:37:27-04:00,3,1,16,6,3,0,True,1.97493087558
MTA NYCT_3882_1,2018-04-12 16:29:35-04:00,3,0,16,6,4,0,True,1.86256239601
MTA NYCT_3882_1,2018-04-09 16:45:07-04:00,4,1,9,1,1,0,True,1.86618243243
MTA NYCT_3882_1,2018-04-11 16:45:12-04:00,4,1,9,1,3,0,True,2.97020833333
MTA NYCT_3882_1,2018-04-12 16:40:08-04:00,4,1,9,1,4,0,True,2.07428093645
MTA NYCT_3882_1,2018-04-09 16:52:43-04:00,5,1,8,3,1,0,True,1.569
MTA NYCT_3882_1,2018-04-11 16:48:55-04:00,5,1,8,3,3,0,True,1.32151832461
MTA NYCT_3882_1,2018-04-12 16:45:39-04:00,5,1,8,3,4,0,True,1.75160714286
MTA NYCT_3882_1,2018-04-07 18:38:32-04:00,6,5,9,3,6,1,False,2.81787610619
MTA NYCT_3882_1,2018-04-09 16:56:26-04:00,6,1,9,3,1,0,True,1.81207920792
MTA NYCT_3882_1,2018-04-11 16:52:37-04:00,6,1,9,3,3,0,True,2.58099378882
MTA NYCT_3882_1,2018-04-12 16:50:27-04:00,6,1,9,3,4,0,True,2.35228346457
MTA NYCT_3883_1,2018-04-11 16:00:03-04:00,1,0,11,4,3,0,True,0.498366812227
MTA NYCT_3883_1,2018-04-12 17:36:53-04:00,1,3,11,4,4,0,True,2.25371069182
MTA NYCT_3883_1,2018-04-09 16:00:16-04:00,2,0,15,5,1,0,True,1.902734375
MTA NYCT_3883_1,2018-04-11 16:20:11-04:00,2,0,15,5,3,0,True,2.19620545073
MTA NYCT_3883_1,2018-04-12 17:42:43-04:00,2,3,15,5,4,0,True,2.23112288136
MTA NYCT_3883_1,2018-04-09 16:02:55-04:00,3,0,16,6,1,0,True,2.74544736842
MTA NYCT_3883_1,2018-04-10 16:00:17-04:00,3,0,16,6,2,0,True,1.81088050314
MTA NYCT_3883_1,2018-04-11 16:28:40-04:00,3,0,16,6,3,0,True,2.68988571429
MTA NYCT_3883_1,2018-04-12 17:51:08-04:00,3,3,16,6,4,0,True,2.04375925926
MTA NYCT_3883_1,2018-04-09 16:10:18-04:00,4,0,9,1,1,0,True,1.66527559055
MTA NYCT_3883_1,2018-04-10 16:04:31-04:00,4,0,9,1,2,0,True,0.860882352941
MTA NYCT_3883_1,2018-04-11 16:35:01-04:00,4,1,9,1,3,0,True,1.84439688716
MTA NYCT_3883_1,2018-04-12 18:00:39-04:00,4,4,9,1,4,0,True,1.63492877493
MTA NYCT_3883_1,2018-04-09 16:17:11-04:00,5,0,8,3,1,0,True,1.45158450704
MTA NYCT_3883_1,2018-04-10 16:12:58-04:00,5,0,8,3,2,0,True,1.96272727273
MTA NYCT_3883_1,2018-04-11 16:39:50-04:00,5,1,8,3,3,0,True,1.90586614173
MTA NYCT_3883_1,2018-04-12 18:07:01-04:00,5,4,8,3,4,0,True,2.10180645161
MTA NYCT_3883_1,2018-04-09 16:22:28-04:00,6,0,9,3,1,0,True,1.94791489362
MTA NYCT_3883_1,2018-04-10 16:17:43-04:00,6,0,9,3,2,0,True,2.16
MTA NYCT_3883_1,2018-04-11 16:44:36-04:00,6,1,9,3,3,0,True,2.70924528302
MTA NYCT_3883_2,2018-04-09 19:41:02-04:00,1,7,11,4,1,0,False,9.6473015873
MTA NYCT_3883_2,2018-04-09 19:42:37-04:00,2,7,15,5,1,0,False,4.00385650224
MTA NYCT_3883_2,2018-04-09 19:47:25-04:00,3,7,16,6,1,0,False,3.75248251748
MTA NYCT_3883_2,2018-04-09 19:52:42-04:00,4,7,9,1,1,0,False,1.20845849802
MTA NYCT_3883_2,2018-04-09 19:57:27-04:00,5,7,8,3,1,0,False,3.06291338583
MTA NYCT_3885_1,2018-04-12 18:35:25-04:00,1,5,11,4,4,0,True,3.546
MTA NYCT_3885_1,2018-04-12 18:38:21-04:00,2,5,15,5,4,0,True,2.71890710383
MTA NYCT_3885_1,2018-04-12 18:45:32-04:00,3,5,16,6,4,0,True,3.12667741935
MTA NYCT_3885_1,2018-04-12 18:51:14-04:00,4,5,9,1,4,0,True,1.68394984326
MTA NYCT_3885_1,2018-04-12 18:58:40-04:00,5,5,8,3,4,0,False,1.23749385749
MTA NYCT_3885_1,2018-04-12 19:05:59-04:00,6,6,9,3,4,0,False,1.99931937173
MTA NYCT_3886_1,2018-04-08 16:47:26-04:00,1,1,11,4,7,1,False,2.45882882883
MTA NYCT_3886_1,2018-04-09 18:23:09-04:00,1,4,11,4,1,0,True,6.65008928571
MTA NYCT_3886_1,2018-04-10 18:15:37-04:00,1,4,11,4,2,0,True,2.75080139373
MTA NYCT_3886_1,2018-04-08 16:51:40-04:00,2,1,15,5,7,1,False,1.86575206612
MTA NYCT_3886_1,2018-04-09 18:25:34-04:00,2,4,15,5,1,0,True,3.54501915709
MTA NYCT_3886_1,2018-04-10 18:20:56-04:00,2,4,15,5,2,0,True,2.08771203156
MTA NYCT_3886_1,2018-04-08 17:02:16-04:00,3,2,16,6,7,1,False,2.97065616798
MTA NYCT_3886_1,2018-04-09 18:31:00-04:00,3,5,16,6,1,0,True,2.19089912281
MTA NYCT_3886_1,2018-04-10 18:30:07-04:00,3,5,16,6,2,0,True,2.47821192053
MTA NYCT_3886_1,2018-04-08 17:09:08-04:00,4,2,9,1,7,1,False,4.12905511811
MTA NYCT_3886_1,2018-04-09 18:39:15-04:00,4,5,9,1,1,0,True,1.89337883959
MTA NYCT_3886_1,2018-04-10 18:38:43-04:00,4,5,9,1,2,0,True,2.47927419355
MTA NYCT_3886_1,2018-04-08 17:12:18-04:00,5,2,8,3,7,1,False,5.58914893617
MTA NYCT_3886_1,2018-04-09 18:45:12-04:00,5,5,8,3,1,0,True,1.44574647887
MTA NYCT_3886_1,2018-04-10 18:43:54-04:00,5,5,8,3,2,0,True,2.66724409449
MTA NYCT_3886_1,2018-04-08 17:14:25-04:00,6,2,9,3,7,1,False,1.99152380952
MTA NYCT_3886_1,2018-04-09 18:52:11-04:00,6,5,9,3,1,0,True,2.56020618557
MTA NYCT_3886_1,2018-04-10 18:46:33-04:00,6,5,9,3,2,0,True,1.98316455696
MTA NYCT_3886_2,2018-04-08 19:32:02-04:00,1,7,11,4,7,1,False,8.38301587302
MTA NYCT_3886_2,2018-04-08 19:33:38-04:00,2,7,15,5,7,1,False,3.51180412371
MTA NYCT_3886_2,2018-04-08 19:39:01-04:00,3,7,16,6,7,1,False,3.40872641509
MTA NYCT_3886_2,2018-04-08 19:44:07-04:00,4,7,9,1,7,1,False,
MTA NYCT_3886_2,2018-04-08 19:44:38-04:00,5,7,8,3,7,1,False,
MTA NYCT_3886_2,2018-04-08 19:45:09-04:00,6,7,9,3,7,1,False,2.76618556701
MTA NYCT_3887_1,2018-04-07 19:07:00-04:00,1,6,11,4,6,1,False,8.456875
MTA NYCT_3887_1,2018-04-09 16:42:38-04:00,1,1,11,4,1,0,True,2.42596825397
MTA NYCT_3887_1,2018-04-10 16:24:34-04:00,1,0,11,4,2,0,True,3.27740909091
MTA NYCT_3887_1,2018-04-11 17:44:19-04:00,1,3,11,4,3,0,True,1.4924260355
MTA NYCT_3887_1,2018-04-12 17:05:14-04:00,1,2,11,4,4,0,True,2.01617414248
MTA NYCT_3887_1,2018-04-07 19:08:35-04:00,2,6,15,5,6,1,False,1.7266927593
MTA NYCT_3887_1,2018-04-09 16:48:25-04:00,2,1,15,5,1,0,True,2.02228690229
MTA NYCT_3887_1,2018-04-10 16:28:46-04:00,2,0,15,5,2,0,True,2.07521097046
MTA NYCT_3887_1,2018-04-11 17:53:18-04:00,2,3,15,5,3,0,True,1.95661870504
MTA NYCT_3887_1,2018-04-12 17:12:05-04:00,2,2,15,5,4,0,True,1.61142180095
MTA NYCT_3887_1,2018-04-07 19:17:49-04:00,3,6,16,6,6,1,False,2.5356561086
MTA NYCT_3887_1,2018-04-09 16:57:04-04:00,3,1,16,6,1,0,True,2.35046728972
MTA NYCT_3887_1,2018-04-10 16:37:12-04:00,3,1,16,6,2,0,True,1.98992740472
MTA NYCT_3887_1,2018-04-11 18:03:05-04:00,3,4,16,6,3,0,True,2.39543820225
MTA NYCT_3887_1,2018-04-12 17:24:26-04:00,3,2,16,6,4,0,True,1.95865168539
MTA NYCT_3887_1,2018-04-09 17:05:14-04:00,4,2,9,1,1,0,True,1.46539156627
MTA NYCT_3887_1,2018-04-10 16:46:56-04:00,4,1,9,1,2,0,True,1.95051181102
MTA NYCT_3887_1,2018-04-11 18:11:01-04:00,4,4,9,1,3,0,True,1.96702341137
MTA NYCT_3887_1,2018-04-12 17:32:54-04:00,4,3,9,1,4,0,True,1.9423183391
MTA NYCT_3887_1,2018-04-09 17:11:18-04:00,5,2,8,3,1,0,True,1.44153846154
MTA NYCT_3887_1,2018-04-10 16:51:41-04:00,5,1,8,3,2,0,True,2.14864253394
MTA NYCT_3887_1,2018-04-11 18:17:04-04:00,5,4,8,3,3,0,True,1.42164912281
MTA NYCT_3887_1,2018-04-12 17:38:13-04:00,5,3,8,3,4,0,True,0.906152219873
MTA NYCT_3887_1,2018-04-07 19:33:48-04:00,6,7,9,3,6,1,False,8.504375
MTA NYCT_3887_1,2018-04-09 17:16:35-04:00,6,2,9,3,1,0,True,1.77810126582
MTA NYCT_3887_1,2018-04-10 16:56:26-04:00,6,1,9,3,2,0,True,1.43217105263
MTA NYCT_3887_1,2018-04-11 18:22:20-04:00,6,4,9,3,3,0,True,1.99481981982
MTA NYCT_3887_1,2018-04-12 17:46:38-04:00,6,3,9,3,4,0,True,2.0165
MTA NYCT_3888_1,2018-04-09 16:08:20-04:00,1,0,11,4,1,0,True,2.23940809969
MTA NYCT_3888_1,2018-04-11 17:13:08-04:00,1,2,11,4,3,0,True,0.527106413994
MTA NYCT_3888_1,2018-04-09 16:14:12-04:00,2,0,15,5,1,0,True,2.39531531532
MTA NYCT_3888_1,2018-04-11 17:36:32-04:00,2,3,15,5,3,0,True,2.25816371681
MTA NYCT_3888_1,2018-04-09 16:22:07-04:00,3,0,16,6,1,0,True,2.01364044944
MTA NYCT_3888_1,2018-04-10 16:01:19-04:00,3,0,16,6,2,0,True,1.75464864865
MTA NYCT_3888_1,2018-04-11 17:44:41-04:00,3,3,16,6,3,0,True,2.16286666667
MTA NYCT_3888_1,2018-04-09 16:30:03-04:00,4,1,9,1,1,0,True,2.46019607843
MTA NYCT_3888_1,2018-04-10 16:08:01-04:00,4,0,9,1,2,0,True,2.52520179372
MTA NYCT_3888_1,2018-04-11 17:52:42-04:00,4,3,9,1,3,0,True,2.67457711443
MTA NYCT_3888_1,2018-04-09 16:34:49-04:00,5,1,8,3,1,0,True,1.72703517588
MTA NYCT_3888_1,2018-04-10 16:12:17-04:00,5,0,8,3,2,0,True,3.1020754717
MTA NYCT_3888_1,2018-04-11 17:57:06-04:00,5,3,8,3,3,0,True,1.65171171171
MTA NYCT_3888_1,2018-04-09 16:38:40-04:00,6,1,9,3,1,0,True,1.68268041237
MTA NYCT_3888_1,2018-04-10 16:16:00-04:00,6,0,9,3,2,0,True,1.6902020202
MTA NYCT_3888_1,2018-04-11 18:01:19-04:00,6,4,9,3,3,0,True,2.18148148148
MTA NYCT_3889_1,2018-04-09 17:39:51-04:00,1,3,11,4,1,0,True,9.10444444444
MTA NYCT_3889_1,2018-04-11 16:44:10-04:00,1,1,11,4,3,0,True,0.589991961415
MTA NYCT_3889_1,2018-04-09 17:42:04-04:00,2,3,15,5,1,0,True,2.57775362319
MTA NYCT_3889_1,2018-04-11 17:05:26-04:00,2,2,15,5,3,0,True,1.7164274571
MTA NYCT_3889_1,2018-04-09 17:49:30-04:00,3,3,16,6,1,0,True,1.96164335664
MTA NYCT_3889_1,2018-04-11 17:17:09-04:00,3,2,16,6,3,0,True,2.03058455115
MTA NYCT_3889_1,2018-04-06 16:00:08-04:00,4,0,9,1,5,0,True,1.62314465409
MTA NYCT_3889_1,2018-04-09 17:59:33-04:00,4,3,9,1,1,0,True,2.41321705426
MTA NYCT_3889_1,2018-04-11 17:25:39-04:00,4,2,9,1,3,0,True,2.28652830189
MTA NYCT_3889_1,2018-04-06 16:03:18-04:00,5,0,8,3,5,0,True,1.95857777778
MTA NYCT_3889_1,2018-04-09 18:04:55-04:00,5,4,8,3,1,0,True,1.54378881988
MTA NYCT_3889_1,2018-04-11 17:30:36-04:00,5,3,8,3,3,0,True,1.06315436242
MTA NYCT_3889_1,2018-04-06 16:07:36-04:00,6,0,9,3,5,0,True,2.18544502618
MTA NYCT_3889_1,2018-04-09 18:12:34-04:00,6,4,9,3,1,0,True,1.84711206897
MTA NYCT_3889_1,2018-04-11 17:36:05-04:00,6,3,9,3,3,0,True,1.54014035088
MTA NYCT_3889_2,2018-04-06 18:48:59-04:00,1,5,11,4,5,0,True,3.70393700787
MTA NYCT_3889_2,2018-04-06 18:53:04-04:00,2,5,15,5,5,0,True,2.92802083333
MTA NYCT_3889_2,2018-04-06 18:58:46-04:00,3,5,16,6,5,0,False,1.74336414048
MTA NYCT_3889_2,2018-04-06 19:08:51-04:00,4,6,9,1,5,0,False,1.83984126984
MTA NYCT_3889_2,2018-04-06 19:12:32-04:00,5,6,8,3,5,0,False,2.85610526316
MTA NYCT_3889_2,2018-04-06 19:16:13-04:00,6,6,9,3,5,0,False,1.77481675393
MTA NYCT_3890_1,2018-04-06 17:02:27-04:00,1,2,11,4,5,0,True,4.84288461538
MTA NYCT_3890_1,2018-04-10 16:39:41-04:00,1,1,11,4,2,0,True,2.28678125
MTA NYCT_3890_1,2018-04-06 17:05:35-04:00,2,2,15,5,5,0,True,2.02689727463
MTA NYCT_3890_1,2018-04-10 16:47:08-04:00,2,1,15,5,2,0,True,2.0963654224
MTA NYCT_3890_1,2018-04-06 17:14:35-04:00,3,2,16,6,5,0,True,2.33452755906
MTA NYCT_3890_1,2018-04-10 16:56:09-04:00,3,1,16,6,2,0,True,2.14501052632
MTA NYCT_3890_1,2018-04-06 17:24:06-04:00,4,2,9,1,5,0,True,2.05553784861
MTA NYCT_3890_1,2018-04-10 17:04:35-04:00,4,2,9,1,2,0,True,2.36168674699
MTA NYCT_3890_1,2018-04-06 17:28:49-04:00,5,2,8,3,5,0,True,3.45773584906
MTA NYCT_3890_1,2018-04-10 17:09:16-04:00,5,2,8,3,2,0,True,1.75846456693
MTA NYCT_3890_1,2018-04-06 17:31:59-04:00,6,3,9,3,5,0,True,1.69616352201
MTA NYCT_3890_1,2018-04-10 17:14:34-04:00,6,2,9,3,2,0,True,1.56470899471
MTA NYCT_3891_1,2018-04-06 16:00:01-04:00,1,0,11,4,5,0,True,1.2304743083
MTA NYCT_3891_1,2018-04-08 17:35:12-04:00,1,3,11,4,7,1,False,3.18771551724
MTA NYCT_3891_1,2018-04-12 16:50:14-04:00,1,1,11,4,4,0,True,3.34336170213
MTA NYCT_3891_1,2018-04-06 16:04:45-04:00,2,0,15,5,5,0,True,2.43286036036
MTA NYCT_3891_1,2018-04-08 17:39:35-04:00,2,3,15,5,7,1,False,2.26042889391
MTA NYCT_3891_1,2018-04-12 16:54:41-04:00,2,1,15,5,4,0,True,1.76914396887
MTA NYCT_3891_1,2018-04-06 16:13:16-04:00,3,0,16,6,5,0,True,2.0721703854
MTA NYCT_3891_1,2018-04-08 17:47:29-04:00,3,3,16,6,7,1,False,2.27716101695
MTA NYCT_3891_1,2018-04-12 17:04:19-04:00,3,2,16,6,4,0,True,2.05070103093
MTA NYCT_3891_1,2018-04-06 16:22:32-04:00,4,0,9,1,5,0,True,1.56981865285
MTA NYCT_3891_1,2018-04-08 17:55:53-04:00,4,3,9,1,7,1,False,2.2331981982
MTA NYCT_3891_1,2018-04-12 17:14:05-04:00,4,2,9,1,4,0,True,1.75926984127
MTA NYCT_3891_1,2018-04-06 16:30:02-04:00,5,1,8,3,5,0,True,2.68012578616
MTA NYCT_3891_1,2018-04-08 18:01:17-04:00,5,4,8,3,7,1,False,2.51147286822
MTA NYCT_3891_1,2018-04-12 17:19:51-04:00,5,2,8,3,4,0,True,0.956110056926
MTA NYCT_3891_1,2018-04-06 16:33:56-04:00,6,1,9,3,5,0,True,1.2556284153
MTA NYCT_3891_1,2018-04-08 18:03:58-04:00,6,4,9,3,7,1,False,1.4921025641
MTA NYCT_3891_1,2018-04-12 17:29:40-04:00,6,2,9,3,4,0,True,1.10968531469
MTA NYCT_3893_1,2018-04-08 16:00:28-04:00,3,0,16,6,7,1,False,
MTA NYCT_3893_1,2018-04-08 16:01:31-04:00,4,0,9,1,7,1,False,2.78688888889
MTA NYCT_3893_1,2018-04-10 16:00:23-04:00,4,0,9,1,2,0,True,0.303183856502
MTA NYCT_3893_1,2018-04-08 16:06:20-04:00,5,0,8,3,7,1,False,3.58381679389
MTA NYCT_3893_1,2018-04-10 16:04:37-04:00,5,0,8,3,2,0,True,2.81936842105
MTA NYCT_3893_1,2018-04-08 16:09:02-04:00,6,0,9,3,7,1,False,3.15515463918
MTA NYCT_3893_1,2018-04-10 16:07:19-04:00,6,0,9,3,2,0,True,2.33855670103
MTA NYCT_3893_2,2018-04-08 18:41:24-04:00,1,5,11,4,7,1,False,3.88322916667
MTA NYCT_3893_2,2018-04-10 18:54:54-04:00,1,5,11,4,2,0,True,3.56149606299
MTA NYCT_3893_2,2018-04-08 18:45:08-04:00,2,5,15,5,7,1,False,3.39496551724
MTA NYCT_3893_2,2018-04-10 18:57:33-04:00,2,5,15,5,2,0,False,2.70798053528
MTA NYCT_3893_2,2018-04-08 18:50:30-04:00,3,5,16,6,7,1,False,2.71140883978
MTA NYCT_3893_2,2018-04-10 19:05:28-04:00,3,6,16,6,2,0,False,1.79029684601
MTA NYCT_3893_2,2018-04-08 18:57:04-04:00,4,5,9,1,7,1,False,3.5060625
MTA NYCT_3893_2,2018-04-10 19:14:59-04:00,4,6,9,1,2,0,False,2.58129464286
MTA NYCT_3893_2,2018-04-08 19:00:16-04:00,5,6,8,3,7,1,False,8.20030769231
MTA NYCT_3893_2,2018-04-10 19:19:47-04:00,5,6,8,3,2,0,False,1.9331277533
MTA NYCT_3893_2,2018-04-08 19:01:52-04:00,6,6,9,3,7,1,False,3.38318181818
MTA NYCT_3893_2,2018-04-10 19:24:05-04:00,6,6,9,3,2,0,False,1.904625
MTA NYCT_3894_1,2018-04-07 16:23:32-04:00,1,0,11,4,6,1,False,2.51096885813
MTA NYCT_3894_1,2018-04-10 16:48:38-04:00,1,1,11,4,2,0,True,2.52978947368
MTA NYCT_3894_1,2018-04-11 16:53:40-04:00,1,1,11,4,3,0,True,0.7395215311
MTA NYCT_3894_1,2018-04-12 17:58:16-04:00,1,3,11,4,4,0,True,4.38829113924
MTA NYCT_3894_1,2018-04-07 16:28:53-04:00,2,0,15,5,6,1,False,2.28757894737
MTA NYCT_3894_1,2018-04-10 16:53:55-04:00,2,1,15,5,2,0,True,2.66263157895
MTA NYCT_3894_1,2018-04-11 17:11:38-04:00,2,2,15,5,3,0,True,1.86403846154
MTA NYCT_3894_1,2018-04-12 18:02:06-04:00,2,4,15,5,4,0,True,2.31974828375
MTA NYCT_3894_1,2018-04-07 16:35:45-04:00,3,1,16,6,6,1,False,2.45195372751
MTA NYCT_3894_1,2018-04-10 17:01:25-04:00,3,2,16,6,2,0,True,2.34031460674
MTA NYCT_3894_1,2018-04-11 17:22:14-04:00,3,2,16,6,3,0,True,2.54176923077
MTA NYCT_3894_1,2018-04-12 18:09:54-04:00,3,4,16,6,4,0,True,2.16352813853
MTA NYCT_3894_1,2018-04-07 16:43:32-04:00,4,1,9,1,6,1,False,2.7321761658
MTA NYCT_3894_1,2018-04-10 17:09:21-04:00,4,2,9,1,2,0,True,1.97996415771
MTA NYCT_3894_1,2018-04-11 17:29:15-04:00,4,2,9,1,3,0,True,1.77629746835
MTA NYCT_3894_1,2018-04-12 18:18:07-04:00,4,4,9,1,4,0,True,2.10602316602
MTA NYCT_3894_1,2018-04-07 16:47:16-04:00,5,1,8,3,6,1,False,2.16756862745
MTA NYCT_3894_1,2018-04-10 17:15:36-04:00,5,2,8,3,2,0,True,1.36051724138
MTA NYCT_3894_1,2018-04-11 17:35:03-04:00,5,3,8,3,3,0,True,2.36761538462
MTA NYCT_3894_1,2018-04-12 18:23:02-04:00,5,4,8,3,4,0,True,1.93381322957
MTA NYCT_3894_1,2018-04-07 16:52:03-04:00,6,1,9,3,6,1,False,1.6778280543
MTA NYCT_3894_1,2018-04-10 17:21:56-04:00,6,2,9,3,2,0,True,1.576
MTA NYCT_3894_1,2018-04-11 17:37:45-04:00,6,3,9,3,3,0,True,2.26984293194
MTA NYCT_3894_1,2018-04-12 18:28:22-04:00,6,4,9,3,4,0,True,2.52860759494
MTA NYCT_3894_2,2018-04-07 19:29:08-04:00,1,6,11,4,6,1,False,5.81070866142
MTA NYCT_3894_2,2018-04-07 19:31:47-04:00,2,7,15,5,6,1,False,3.92921259843
MTA NYCT_3894_2,2018-04-07 19:38:46-04:00,3,7,16,6,6,1,False,2.48616161616
MTA NYCT_3894_2,2018-04-07 19:55:11-04:00,6,7,9,3,6,1,False,1.45020833333
MTA NYCT_3895_1,2018-04-09 17:21:50-04:00,1,2,11,4,1,0,True,3.86345549738
MTA NYCT_3895_1,2018-04-10 19:03:47-04:00,1,6,11,4,2,0,False,4.928
MTA NYCT_3895_1,2018-04-12 17:34:02-04:00,1,3,11,4,4,0,True,3.75240837696
MTA NYCT_3895_1,2018-04-09 17:25:32-04:00,2,2,15,5,1,0,True,1.91981443299
MTA NYCT_3895_1,2018-04-10 19:06:24-04:00,2,6,15,5,2,0,False,2.41416452442
MTA NYCT_3895_1,2018-04-12 17:38:17-04:00,2,3,15,5,4,0,True,1.5170754717
MTA NYCT_3895_1,2018-04-09 17:34:10-04:00,3,3,16,6,1,0,True,1.86494444444
MTA NYCT_3895_1,2018-04-10 19:13:24-04:00,3,6,16,6,2,0,False,2.71763532764
MTA NYCT_3895_1,2018-04-12 17:49:43-04:00,3,3,16,6,4,0,True,1.90464088398
MTA NYCT_3895_1,2018-04-09 17:43:42-04:00,4,3,9,1,1,0,True,1.71285714286
MTA NYCT_3895_1,2018-04-10 19:19:47-04:00,4,6,9,1,2,0,False,2.79905
MTA NYCT_3895_1,2018-04-12 17:59:50-04:00,4,3,9,1,4,0,True,1.6565
MTA NYCT_3895_1,2018-04-09 17:49:44-04:00,5,3,8,3,1,0,True,1.25706896552
MTA NYCT_3895_1,2018-04-10 19:24:11-04:00,5,6,8,3,2,0,False,2.01681102362
MTA NYCT_3895_1,2018-04-12 18:06:22-04:00,5,4,8,3,4,0,True,1.47094827586
MTA NYCT_3895_1,2018-04-09 17:56:36-04:00,6,3,9,3,1,0,True,1.7221319797
MTA NYCT_3895_1,2018-04-10 19:29:29-04:00,6,6,9,3,2,0,False,2.32925531915
MTA NYCT_3895_1,2018-04-12 18:13:14-04:00,6,4,9,3,4,0,True,1.10431980907
MTA NYCT_3896_1,2018-04-12 19:08:16-04:00,1,6,11,4,4,0,False,4.689140625
MTA NYCT_3896_1,2018-04-12 19:10:55-04:00,2,6,15,5,4,0,False,3.41080701754
MTA NYCT_3896_1,2018-04-12 19:16:12-04:00,3,6,16,6,4,0,False,2.23280269058
MTA NYCT_3896_1,2018-04-09 16:00:14-04:00,4,0,9,1,1,0,True,1.21831578947
MTA NYCT_3896_1,2018-04-12 19:24:11-04:00,4,6,9,1,4,0,False,2.76421052632
MTA NYCT_3896_1,2018-04-09 16:02:21-04:00,5,0,8,3,1,0,True,1.52437062937
MTA NYCT_3896_1,2018-04-12 19:27:54-04:00,5,6,8,3,4,0,False,2.49932291667
MTA NYCT_3896_1,2018-04-09 16:07:39-04:00,6,0,9,3,1,0,True,2.52154761905
MTA NYCT_3896_1,2018-04-12 19:31:39-04:00,6,7,9,3,4,0,False,2.49452173913
MTA NYCT_3896_2,2018-04-09 18:48:41-04:00,1,5,11,4,1,0,True,3.08434977578
MTA NYCT_3896_2,2018-04-09 18:52:56-04:00,2,5,15,5,1,0,True,2.36361256545
MTA NYCT_3896_2,2018-04-09 18:59:50-04:00,3,5,16,6,1,0,False,2.36055803571
MTA NYCT_3896_2,2018-04-09 19:07:50-04:00,4,6,9,1,1,0,False,1.92270588235
MTA NYCT_3896_2,2018-04-09 19:12:37-04:00,5,6,8,3,1,0,False,1.29319371728
MTA NYCT_3896_2,2018-04-09 19:16:20-04:00,6,6,9,3,1,0,False,1.72714285714
MTA NYCT_3897_1,2018-04-06 16:05:09-04:00,1,0,11,4,5,0,True,2.68368627451
MTA NYCT_3897_1,2018-04-10 18:27:59-04:00,1,4,11,4,2,0,True,3.17141732283
MTA NYCT_3897_1,2018-04-06 16:10:26-04:00,2,0,15,5,5,0,True,2.02946296296
MTA NYCT_3897_1,2018-04-10 18:33:18-04:00,2,5,15,5,2,0,True,3.05148788927
MTA NYCT_3897_1,2018-04-06 16:20:28-04:00,3,0,16,6,5,0,True,2.24136554622
MTA NYCT_3897_1,2018-04-10 18:38:39-04:00,3,5,16,6,2,0,True,2.58222222222
MTA NYCT_3897_1,2018-04-06 16:28:55-04:00,4,0,9,1,5,0,True,2.12743243243
MTA NYCT_3897_1,2018-04-10 18:45:02-04:00,4,5,9,1,2,0,True,1.59325
MTA NYCT_3897_1,2018-04-06 16:33:41-04:00,5,1,8,3,5,0,True,1.58410526316
MTA NYCT_3897_1,2018-04-10 18:51:27-04:00,5,5,8,3,2,0,True,2.25157480315
MTA NYCT_3897_1,2018-04-06 16:38:58-04:00,6,1,9,3,5,0,True,2.04878947368
MTA NYCT_3897_1,2018-04-10 18:54:06-04:00,6,5,9,3,2,0,True,2.3651875
MTA NYCT_3898_1,2018-04-06 16:00:07-04:00,3,0,16,6,5,0,True,2.44076749436
MTA NYCT_3898_1,2018-04-11 16:00:02-04:00,3,0,16,6,3,0,True,2.2568762279
MTA NYCT_3898_1,2018-04-06 16:08:02-04:00,4,0,9,1,5,0,True,2.56402714932
MTA NYCT_3898_1,2018-04-11 16:09:03-04:00,4,0,9,1,3,0,True,1.73821052632
MTA NYCT_3898_1,2018-04-06 16:12:15-04:00,5,0,8,3,5,0,True,1.74877828054
MTA NYCT_3898_1,2018-04-11 16:14:19-04:00,5,0,8,3,3,0,True,5.07584615385
MTA NYCT_3898_1,2018-04-06 16:16:28-04:00,6,0,9,3,5,0,True,2.73336842105
MTA NYCT_3898_1,2018-04-11 16:15:57-04:00,6,0,9,3,3,0,True,2.02168316832
MTA NYCT_3899_1,2018-04-10 17:17:34-04:00,1,2,11,4,2,0,True,2.45644827586
MTA NYCT_3899_1,2018-04-12 16:27:43-04:00,1,0,11,4,4,0,True,3.90842105263
MTA NYCT_3899_1,2018-04-10 17:22:56-04:00,2,2,15,5,2,0,True,1.33952261307
MTA NYCT_3899_1,2018-04-12 16:31:57-04:00,2,1,15,5,4,0,True,1.68847635727
MTA NYCT_3899_1,2018-04-10 17:36:43-04:00,3,3,16,6,2,0,True,1.36361778846
MTA NYCT_3899_1,2018-04-12 16:41:59-04:00,3,1,16,6,4,0,True,2.40736596737
MTA NYCT_3899_1,2018-04-10 17:51:07-04:00,4,3,9,1,2,0,True,2.62354037267
MTA NYCT_3899_1,2018-04-12 16:49:40-04:00,4,1,9,1,4,0,True,2.55857798165
MTA NYCT_3899_1,2018-04-10 17:54:20-04:00,5,3,8,3,2,0,True,1.89015625
MTA NYCT_3899_1,2018-04-12 16:54:20-04:00,5,1,8,3,4,0,True,1.95600917431
MTA NYCT_3899_1,2018-04-10 17:59:40-04:00,6,3,9,3,2,0,True,2.03142857143
MTA NYCT_3899_1,2018-04-12 16:58:30-04:00,6,1,9,3,4,0,True,1.53475524476
MTA NYCT_3900_1,2018-04-12 16:00:13-04:00,1,0,11,4,4,0,True,2.00317610063
MTA NYCT_3900_1,2018-04-12 16:06:02-04:00,2,0,15,5,4,0,True,1.86775747508
MTA NYCT_3900_1,2018-04-06 16:00:14-04:00,3,0,16,6,5,0,True,1.86994301994
MTA NYCT_3900_1,2018-04-12 16:16:36-04:00,3,0,16,6,4,0,True,1.91309484193
MTA NYCT_3900_1,2018-04-06 16:06:38-04:00,4,0,9,1,5,0,True,2.08379464286
MTA NYCT_3900_1,2018-04-07 16:00:21-04:00,4,0,9,1,6,1,False,1.5175
MTA NYCT_3900_1,2018-04-12 16:27:09-04:00,4,0,9,1,4,0,True,1.59128930818
MTA NYCT_3900_1,2018-04-06 16:10:55-04:00,5,0,8,3,5,0,True,1.59588050314
MTA NYCT_3900_1,2018-04-07 16:03:33-04:00,5,0,8,3,6,1,False,2.1501875
MTA NYCT_3900_1,2018-04-12 16:33:30-04:00,5,1,8,3,4,0,True,1.30121037464
MTA NYCT_3900_1,2018-04-06 16:16:45-04:00,6,0,9,3,5,0,True,2.19261146497
MTA NYCT_3900_1,2018-04-07 16:06:45-04:00,6,0,9,3,6,1,False,3.80147286822
MTA NYCT_3900_1,2018-04-12 16:40:20-04:00,6,1,9,3,4,0,True,2.00831818182
MTA NYCT_3900_2,2018-04-06 19:03:48-04:00,1,6,11,4,5,0,False,4.6042962963
MTA NYCT_3900_2,2018-04-07 18:39:24-04:00,1,5,11,4,6,1,False,5.98433070866
MTA NYCT_3900_2,2018-04-06 19:06:33-04:00,2,6,15,5,5,0,False,2.23489528796
MTA NYCT_3900_2,2018-04-07 18:42:04-04:00,2,5,15,5,6,1,False,1.85826722338
MTA NYCT_3900_2,2018-04-06 19:13:28-04:00,3,6,16,6,5,0,False,2.38452115813
MTA NYCT_3900_2,2018-04-07 18:50:34-04:00,3,5,16,6,6,1,False,1.50868012422
MTA NYCT_3900_2,2018-04-06 19:21:28-04:00,4,6,9,1,5,0,False,3.63627906977
MTA NYCT_3900_2,2018-04-06 19:24:39-04:00,5,6,8,3,5,0,False,1.62764940239
MTA NYCT_3900_2,2018-04-06 19:29:20-04:00,6,6,9,3,5,0,False,1.90959276018
MTA NYCT_3900_2,2018-04-07 19:15:43-04:00,6,6,9,3,6,1,False,2.49203125
MTA NYCT_3901_1,2018-04-06 16:00:04-04:00,5,0,8,3,5,0,True,1.12214285714
MTA NYCT_3901_1,2018-04-06 16:02:56-04:00,6,0,9,3,5,0,True,
MTA NYCT_3902_1,2018-04-06 17:06:49-04:00,1,2,11,4,5,0,True,1.81646341463
MTA NYCT_3902_1,2018-04-12 16:10:03-04:00,1,0,11,4,4,0,True,3.85147368421
MTA NYCT_3902_1,2018-04-06 17:14:11-04:00,2,2,15,5,5,0,True,1.95785854617
MTA NYCT_3902_1,2018-04-12 16:13:46-04:00,2,0,15,5,4,0,True,1.83694682676
MTA NYCT_3902_1,2018-04-06 17:23:43-04:00,3,2,16,6,5,0,True,1.94639718805
MTA NYCT_3902_1,2018-04-12 16:24:00-04:00,3,0,16,6,4,0,True,2.44147286822
MTA NYCT_3902_1,2018-04-06 17:33:43-04:00,4,3,9,1,5,0,True,2.53873873874
MTA NYCT_3902_1,2018-04-12 16:31:31-04:00,4,1,9,1,4,0,True,1.44675213675
MTA NYCT_3902_1,2018-04-06 17:37:56-04:00,5,3,8,3,5,0,True,1.45117460317
MTA NYCT_3902_1,2018-04-12 16:37:53-04:00,5,1,8,3,4,0,True,1.29196581197
MTA NYCT_3902_1,2018-04-06 17:43:42-04:00,6,3,9,3,5,0,True,1.80400793651
MTA NYCT_3902_1,2018-04-11 16:00:05-04:00,6,0,9,3,3,0,True,
MTA NYCT_3902_1,2018-04-12 16:44:47-04:00,6,1,9,3,4,0,True,1.94859375
MTA NYCT_3903_1,2018-04-07 16:14:11-04:00,1,0,11,4,6,1,False,5.45834645669
MTA NYCT_3903_1,2018-04-07 16:16:50-04:00,2,0,15,5,6,1,False,2.46415143603
MTA NYCT_3903_1,2018-04-07 16:24:33-04:00,3,0,16,6,6,1,False,2.1212804878
MTA NYCT_3903_1,2018-04-07 16:33:17-04:00,4,1,9,1,6,1,False,2.75490566038
MTA NYCT_3903_1,2018-04-07 16:37:04-04:00,5,1,8,3,6,1,False,2.40361256545
MTA NYCT_3903_1,2018-04-06 16:00:11-04:00,6,0,9,3,5,0,True,
MTA NYCT_3903_1,2018-04-07 16:40:47-04:00,6,1,9,3,6,1,False,2.51293706294
MTA NYCT_3904_1,2018-04-07 18:51:37-04:00,1,5,11,4,6,1,False,5.49338582677
MTA NYCT_3904_1,2018-04-11 18:41:15-04:00,1,5,11,4,3,0,True,3.35399103139
MTA NYCT_3904_1,2018-04-12 19:05:04-04:00,1,6,11,4,4,0,False,4.4996969697
MTA NYCT_3904_1,2018-04-07 18:54:16-04:00,2,5,15,5,6,1,False,2.88353448276
MTA NYCT_3904_1,2018-04-09 17:42:07-04:00,2,3,15,5,1,0,True,0.239375
MTA NYCT_3904_1,2018-04-11 18:45:30-04:00,2,5,15,5,3,0,True,2.36139841689
MTA NYCT_3904_1,2018-04-12 19:08:20-04:00,2,6,15,5,4,0,False,4.09959459459
MTA NYCT_3904_1,2018-04-07 19:01:08-04:00,3,6,16,6,6,1,False,1.70515706806
MTA NYCT_3904_1,2018-04-09 17:43:11-04:00,3,3,16,6,1,0,True,1.59543191801
MTA NYCT_3904_1,2018-04-11 18:52:20-04:00,3,5,16,6,3,0,True,2.29369955157
MTA NYCT_3904_1,2018-04-12 19:13:06-04:00,3,6,16,6,4,0,False,3.39813880126
MTA NYCT_3904_1,2018-04-09 17:55:07-04:00,4,3,9,1,1,0,True,1.6
MTA NYCT_3904_1,2018-04-11 19:00:17-04:00,4,6,9,1,3,0,False,2.10358974359
MTA NYCT_3904_1,2018-04-12 19:19:26-04:00,4,6,9,1,4,0,False,2.66937172775
MTA NYCT_3904_1,2018-04-09 18:02:02-04:00,5,4,8,3,1,0,True,2.7970212766
MTA NYCT_3904_1,2018-04-11 19:04:43-04:00,5,6,8,3,3,0,False,2.34653153153
MTA NYCT_3904_1,2018-04-12 19:23:08-04:00,5,6,8,3,4,0,False,3.1246875
MTA NYCT_3904_1,2018-04-07 19:21:20-04:00,6,6,9,3,6,1,False,2.69
MTA NYCT_3904_1,2018-04-09 18:04:09-04:00,6,4,9,3,1,0,True,2.28098958333
MTA NYCT_3904_1,2018-04-11 19:08:57-04:00,6,6,9,3,3,0,False,2.23888324873
MTA NYCT_3904_1,2018-04-12 19:25:48-04:00,6,6,9,3,4,0,False,4.33915789474
MTA NYCT_6748_1,2018-04-06 17:16:09-04:00,1,2,11,4,5,0,True,2.79134715026
MTA NYCT_6748_1,2018-04-07 17:05:12-04:00,1,2,11,4,6,1,False,4.63873134328
MTA NYCT_6748_1,2018-04-08 18:02:30-04:00,1,4,11,4,7,1,False,3.97382352941
MTA NYCT_6748_1,2018-04-11 17:05:41-04:00,1,2,11,4,3,0,True,0.627565674256
MTA NYCT_6748_1,2018-04-06 17:19:53-04:00,2,2,15,5,5,0,True,2.76662303665
MTA NYCT_6748_1,2018-04-07 17:07:57-04:00,2,2,15,5,6,1,False,1.99993534483
MTA NYCT_6748_1,2018-04-08 18:05:17-04:00,2,4,15,5,7,1,False,3.21636363636
MTA NYCT_6748_1,2018-04-10 18:10:19-04:00,2,4,15,5,2,0,True,
MTA NYCT_6748_1,2018-04-11 17:25:15-04:00,2,2,15,5,3,0,True,1.80357388316
MTA NYCT_6748_1,2018-04-06 17:26:46-04:00,3,2,16,6,5,0,True,1.97436399217
MTA NYCT_6748_1,2018-04-07 17:16:13-04:00,3,2,16,6,6,1,False,2.61282051282
MTA NYCT_6748_1,2018-04-08 18:10:35-04:00,3,4,16,6,7,1,False,2.9375862069
MTA NYCT_6748_1,2018-04-10 18:21:22-04:00,3,4,16,6,2,0,True,0.108181818182
MTA NYCT_6748_1,2018-04-11 17:35:34-04:00,3,3,16,6,3,0,True,2.22378619154
MTA NYCT_6748_1,2018-04-06 17:35:48-04:00,4,3,9,1,5,0,True,1.49688481675
MTA NYCT_6748_1,2018-04-07 17:23:52-04:00,4,2,9,1,6,1,False,3.29067307692
MTA NYCT_6748_1,2018-04-08 18:17:26-04:00,4,4,9,1,7,1,False,3.157109375
MTA NYCT_6748_1,2018-04-10 18:24:52-04:00,4,4,9,1,2,0,True,1.80763779528
MTA NYCT_6748_1,2018-04-11 17:43:34-04:00,4,3,9,1,3,0,True,2.46413385827
MTA NYCT_6748_1,2018-04-06 17:42:54-04:00,5,3,8,3,5,0,True,0.725484581498
MTA NYCT_6748_1,2018-04-07 17:26:39-04:00,5,2,8,3,6,1,False,1.67634920635
MTA NYCT_6748_1,2018-04-08 18:20:15-04:00,5,4,8,3,7,1,False,1.7465
MTA NYCT_6748_1,2018-04-10 18:28:03-04:00,5,4,8,3,2,0,True,1.43718562874
MTA NYCT_6748_1,2018-04-11 17:48:31-04:00,5,3,8,3,3,0,True,1.59993103448
MTA NYCT_6748_1,2018-04-06 17:50:59-04:00,6,3,9,3,5,0,True,1.664
MTA NYCT_6748_1,2018-04-07 17:28:14-04:00,6,2,9,3,6,1,False,3.10125
MTA NYCT_6748_1,2018-04-08 18:23:28-04:00,6,4,9,3,7,1,False,1.56183246073
MTA NYCT_6748_1,2018-04-10 18:31:22-04:00,6,5,9,3,2,0,True,1.58143859649
MTA NYCT_6748_1,2018-04-11 17:53:52-04:00,6,3,9,3,3,0,True,1.74891050584
MTA NYCT_6749_1,2018-04-06 18:11:29-04:00,1,4,11,4,5,0,True,4.71443037975
MTA NYCT_6749_1,2018-04-07 17:33:41-04:00,1,3,11,4,6,1,False,3.91808
MTA NYCT_6749_1,2018-04-09 16:26:16-04:00,1,0,11,4,1,0,True,2.84103603604
MTA NYCT_6749_1,2018-04-10 16:23:22-04:00,1,0,11,4,2,0,True,4.89359375
MTA NYCT_6749_1,2018-04-12 16:35:12-04:00,1,1,11,4,4,0,True,2.93200787402
MTA NYCT_6749_1,2018-04-06 18:14:39-04:00,2,4,15,5,5,0,True,1.63246688742
MTA NYCT_6749_1,2018-04-07 17:36:19-04:00,2,3,15,5,6,1,False,2.57965879265
MTA NYCT_6749_1,2018-04-09 16:30:30-04:00,2,1,15,5,1,0,True,2.08926778243
MTA NYCT_6749_1,2018-04-10 16:26:02-04:00,2,0,15,5,2,0,True,2.61785100287
MTA NYCT_6749_1,2018-04-12 16:39:57-04:00,2,1,15,5,4,0,True,2.01466216216
MTA NYCT_6749_1,2018-04-06 18:25:14-04:00,3,4,16,6,5,0,True,1.43426812585
MTA NYCT_6749_1,2018-04-07 17:43:12-04:00,3,3,16,6,6,1,False,2.22029345372
MTA NYCT_6749_1,2018-04-08 16:00:18-04:00,3,0,16,6,7,1,False,4.10302083333
MTA NYCT_6749_1,2018-04-09 16:38:59-04:00,3,1,16,6,1,0,True,2.2067578125
MTA NYCT_6749_1,2018-04-10 16:32:23-04:00,3,1,16,6,2,0,True,4.51771653543
MTA NYCT_6749_1,2018-04-11 17:05:06-04:00,3,2,16,6,3,0,True,2.0553968254
MTA NYCT_6749_1,2018-04-12 16:47:53-04:00,3,1,16,6,4,0,True,2.19620833333
MTA NYCT_6749_1,2018-04-06 18:38:43-04:00,4,5,9,1,5,0,True,2.16122171946
MTA NYCT_6749_1,2018-04-07 17:51:06-04:00,4,3,9,1,6,1,False,2.07614173228
MTA NYCT_6749_1,2018-04-08 16:02:56-04:00,4,0,9,1,7,1,False,2.27004504505
MTA NYCT_6749_1,2018-04-09 16:48:03-04:00,4,1,9,1,1,0,True,2.01937254902
MTA NYCT_6749_1,2018-04-10 16:37:08-04:00,4,1,9,1,2,0,True,2.48027027027
MTA NYCT_6749_1,2018-04-11 17:07:44-04:00,4,2,9,1,3,0,True,1.82165605096
MTA NYCT_6749_1,2018-04-12 16:57:29-04:00,4,1,9,1,4,0,True,1.53279683377
MTA NYCT_6749_1,2018-04-06 18:42:56-04:00,5,5,8,3,5,0,True,2.28953125
MTA NYCT_6749_1,2018-04-07 17:56:56-04:00,5,3,8,3,6,1,False,2.69742138365
MTA NYCT_6749_1,2018-04-08 16:07:10-04:00,5,0,8,3,7,1,False,2.97038216561
MTA NYCT_6749_1,2018-04-09 16:52:50-04:00,5,1,8,3,1,0,True,1.424453125
MTA NYCT_6749_1,2018-04-10 16:41:22-04:00,5,1,8,3,2,0,True,1.86898601399
MTA NYCT_6749_1,2018-04-11 17:14:01-04:00,5,2,8,3,3,0,True,1.94520179372
MTA NYCT_6749_1,2018-04-12 17:04:51-04:00,5,2,8,3,4,0,True,1.87946188341
MTA NYCT_6749_1,2018-04-06 18:46:40-04:00,6,5,9,3,5,0,True,1.98377358491
MTA NYCT_6749_1,2018-04-07 18:00:06-04:00,6,4,9,3,6,1,False,1.8555511811
MTA NYCT_6749_1,2018-04-08 16:10:19-04:00,6,0,9,3,7,1,False,2.68063829787
MTA NYCT_6749_1,2018-04-09 16:59:47-04:00,6,1,9,3,1,0,True,0.922677824268
MTA NYCT_6749_1,2018-04-10 16:46:40-04:00,6,1,9,3,2,0,True,2.51567708333
MTA NYCT_6749_1,2018-04-11 17:18:16-04:00,6,2,9,3,3,0,True,2.74541666667
MTA NYCT_6749_1,2018-04-12 17:09:05-04:00,6,2,9,3,4,0,True,2.30523560209
MTA NYCT_6749_2,2018-04-08 19:09:51-04:00,1,6,11,4,7,1,False,3.89044585987
MTA NYCT_6749_2,2018-04-08 19:13:00-04:00,2,6,15,5,7,1,False,2.6584045584
MTA NYCT_6749_2,2018-04-08 19:19:55-04:00,3,6,16,6,7,1,False,3.89975609756
MTA NYCT_6749_2,2018-04-08 19:25:13-04:00,4,6,9,1,7,1,False,3.85647798742
MTA NYCT_6749_2,2018-04-08 19:28:55-04:00,5,6,8,3,7,1,False,3.724453125
MTA NYCT_6749_2,2018-04-08 19:31:34-04:00,6,7,9,3,7,1,False,1.73401234568
MTA NYCT_6750_1,2018-04-08 16:24:42-04:00,1,0,11,4,7,1,False,2.37892405063
MTA NYCT_6750_1,2018-04-09 16:39:59-04:00,1,1,11,4,1,0,True,2.23339622642
MTA NYCT_6750_1,2018-04-08 16:30:31-04:00,2,1,15,5,7,1,False,2.05088235294
MTA NYCT_6750_1,2018-04-09 16:45:48-04:00,2,1,15,5,1,0,True,1.81998158379
MTA NYCT_6750_1,2018-04-08 16:40:04-04:00,3,1,16,6,7,1,False,2.79228947368
MTA NYCT_6750_1,2018-04-09 16:55:22-04:00,3,1,16,6,1,0,True,1.97743445693
MTA NYCT_6750_1,2018-04-11 16:00:22-04:00,3,0,16,6,3,0,True,2.32902912621
MTA NYCT_6750_1,2018-04-08 16:46:56-04:00,4,1,9,1,7,1,False,2.49257918552
MTA NYCT_6750_1,2018-04-11 16:07:46-04:00,4,0,9,1,3,0,True,2.998125
MTA NYCT_6750_1,2018-04-08 16:51:41-04:00,5,1,8,3,7,1,False,2.98138297872
MTA NYCT_6750_1,2018-04-11 16:12:02-04:00,5,0,8,3,3,0,True,3.00708860759
MTA NYCT_6750_1,2018-04-08 16:53:47-04:00,6,1,9,3,7,1,False,3.45697841727
MTA NYCT_6750_1,2018-04-11 16:15:11-04:00,6,0,9,3,3,0,True,2.30105263158
MTA NYCT_6750_2,2018-04-11 19:07:23-04:00,1,6,11,4,3,0,False,3.45591194969
MTA NYCT_6750_2,2018-04-11 19:10:34-04:00,2,6,15,5,3,0,False,3.81307692308
MTA NYCT_6750_2,2018-04-11 19:15:52-04:00,3,6,16,6,3,0,False,2.6257591623
MTA NYCT_6750_2,2018-04-11 19:22:46-04:00,4,6,9,1,3,0,False,2.95984251969
MTA NYCT_6750_2,2018-04-11 19:25:56-04:00,5,6,8,3,3,0,False,3.9642519685
MTA NYCT_6750_2,2018-04-11 19:28:35-04:00,6,6,9,3,3,0,False,1.50063291139
MTA NYCT_6751_1,2018-04-10 18:36:50-04:00,1,5,11,4,2,0,True,3.35390625
MTA NYCT_6751_1,2018-04-12 16:47:26-04:00,1,1,11,4,4,0,True,2.57850694444
MTA NYCT_6751_1,2018-04-07 16:00:12-04:00,2,0,15,5,6,1,False,1.52949685535
MTA NYCT_6751_1,2018-04-10 18:39:31-04:00,2,5,15,5,2,0,True,2.5242776204
MTA NYCT_6751_1,2018-04-12 16:52:45-04:00,2,1,15,5,4,0,True,2.01475149105
MTA NYCT_6751_1,2018-04-07 16:08:41-04:00,3,0,16,6,6,1,False,2.36249438202
MTA NYCT_6751_1,2018-04-10 18:45:57-04:00,3,5,16,6,2,0,True,2.42817155756
MTA NYCT_6751_1,2018-04-12 17:01:39-04:00,3,2,16,6,4,0,True,1.61229641694
MTA NYCT_6751_1,2018-04-07 16:16:38-04:00,4,0,9,1,6,1,False,3.55492063492
MTA NYCT_6751_1,2018-04-10 18:53:52-04:00,4,5,9,1,2,0,True,1.92290625
MTA NYCT_6751_1,2018-04-12 17:13:31-04:00,4,2,9,1,4,0,True,2.00003952569
MTA NYCT_6751_1,2018-04-07 16:19:49-04:00,5,0,8,3,6,1,False,2.42792
MTA NYCT_6751_1,2018-04-10 19:00:17-04:00,5,6,8,3,2,0,False,1.66038910506
MTA NYCT_6751_1,2018-04-12 17:18:16-04:00,5,2,8,3,4,0,True,0.943606271777
MTA NYCT_6751_1,2018-04-07 16:23:30-04:00,6,0,9,3,6,1,False,1.72617801047
MTA NYCT_6751_1,2018-04-10 19:05:38-04:00,6,6,9,3,2,0,False,2.02722727273
MTA NYCT_6751_1,2018-04-12 17:28:22-04:00,6,2,9,3,4,0,True,1.344204947
MTA NYCT_6752_1,2018-04-10 16:11:32-04:00,1,0,11,4,2,0,True,3.16565022422
MTA NYCT_6752_1,2018-04-12 18:24:47-04:00,1,4,11,4,4,0,True,4.165234375
MTA NYCT_6752_1,2018-04-07 16:32:32-04:00,2,1,15,5,6,1,False,3.5394488189
MTA NYCT_6752_1,2018-04-10 16:15:46-04:00,2,0,15,5,2,0,True,2.33745810056
MTA NYCT_6752_1,2018-04-12 18:27:43-04:00,2,4,15,5,4,0,True,4.09035714286
MTA NYCT_6752_1,2018-04-07 16:35:11-04:00,3,1,16,6,6,1,False,2.75661417323
MTA NYCT_6752_1,2018-04-10 16:23:58-04:00,3,0,16,6,2,0,True,1.95189781022
MTA NYCT_6752_1,2018-04-12 18:32:44-04:00,3,5,16,6,4,0,True,2.24205357143
MTA NYCT_6752_1,2018-04-07 16:42:03-04:00,4,1,9,1,6,1,False,2.74614173228
MTA NYCT_6752_1,2018-04-10 16:31:21-04:00,4,1,9,1,2,0,True,2.37585585586
MTA NYCT_6752_1,2018-04-12 18:40:44-04:00,4,5,9,1,4,0,True,2.58412556054
MTA NYCT_6752_1,2018-04-07 16:45:45-04:00,5,1,8,3,6,1,False,1.89853107345
MTA NYCT_6752_1,2018-04-10 16:35:35-04:00,5,1,8,3,2,0,True,0.970210325048
MTA NYCT_6752_1,2018-04-12 18:45:31-04:00,5,5,8,3,4,0,True,2.07099236641
MTA NYCT_6752_1,2018-04-07 16:49:14-04:00,6,1,9,3,6,1,False,2.15804878049
MTA NYCT_6752_1,2018-04-10 16:44:49-04:00,6,1,9,3,2,0,True,1.47306620209
MTA NYCT_6752_1,2018-04-12 18:51:19-04:00,6,5,9,3,4,0,True,1.98831168831
MTA NYCT_6757_1,2018-04-09 16:51:34-04:00,2,1,15,5,1,0,True,2.55228915663
MTA NYCT_6757_1,2018-04-09 16:59:32-04:00,3,1,16,6,1,0,True,2.19850393701
MTA NYCT_6757_1,2018-04-09 17:08:32-04:00,4,2,9,1,1,0,True,2.12096899225
MTA NYCT_6757_1,2018-04-09 17:14:46-04:00,5,2,8,3,1,0,True,1.84169291339
MTA NYCT_6757_1,2018-04-09 17:20:03-04:00,6,2,9,3,1,0,True,2.74828220859
MTA NYCT_6758_1,2018-04-06 16:38:06-04:00,1,1,11,4,5,0,True,3.06288537549
MTA NYCT_6758_1,2018-04-11 16:33:49-04:00,1,1,11,4,3,0,True,0.551615452151
MTA NYCT_6758_1,2018-04-06 16:42:51-04:00,2,1,15,5,5,0,True,1.6712754159
MTA NYCT_6758_1,2018-04-11 16:53:20-04:00,2,1,15,5,3,0,True,2.38067226891
MTA NYCT_6758_1,2018-04-06 16:52:23-04:00,3,1,16,6,5,0,True,1.65621716287
MTA NYCT_6758_1,2018-04-10 16:00:08-04:00,3,0,16,6,2,0,True,1.45020512821
MTA NYCT_6758_1,2018-04-11 17:01:48-04:00,3,2,16,6,3,0,True,2.96283464567
MTA NYCT_6758_1,2018-04-06 17:02:58-04:00,4,2,9,1,5,0,True,2.44022522523
MTA NYCT_6758_1,2018-04-10 16:07:09-04:00,4,0,9,1,2,0,True,1.63616352201
MTA NYCT_6758_1,2018-04-11 17:08:40-04:00,4,2,9,1,3,0,True,2.40892682927
MTA NYCT_6758_1,2018-04-06 17:07:12-04:00,5,2,8,3,5,0,True,1.69185534591
MTA NYCT_6758_1,2018-04-10 16:12:58-04:00,5,0,8,3,2,0,True,2.65555555556
MTA NYCT_6758_1,2018-04-11 17:12:38-04:00,5,2,8,3,3,0,True,1.91979166667
MTA NYCT_6758_1,2018-04-06 17:13:02-04:00,6,2,9,3,5,0,True,1.90901041667
MTA NYCT_6758_1,2018-04-10 16:16:39-04:00,6,0,9,3,2,0,True,2.03062893082
MTA NYCT_6758_1,2018-04-11 17:16:21-04:00,6,2,9,3,3,0,True,1.56870175439
MTA NYCT_6758_2,2018-04-10 19:18:37-04:00,1,6,11,4,2,0,False,3.46356481481
MTA NYCT_6758_2,2018-04-10 19:22:46-04:00,2,6,15,5,2,0,False,3.85525114155
MTA NYCT_6758_2,2018-04-10 19:26:56-04:00,3,6,16,6,2,0,False,2.72426086957
MTA NYCT_6758_2,2018-04-10 19:33:14-04:00,4,7,9,1,2,0,False,2.85172774869
MTA NYCT_6758_2,2018-04-10 19:37:29-04:00,5,7,8,3,2,0,False,2.23752
MTA NYCT_6758_2,2018-04-10 19:40:06-04:00,6,7,9,3,2,0,False,1.95245059289
MTA NYCT_6759_1,2018-04-07 16:02:20-04:00,1,0,11,4,6,1,False,4.61320987654
MTA NYCT_6759_1,2018-04-10 16:05:03-04:00,1,0,11,4,2,0,True,1.89588082902
MTA NYCT_6759_1,2018-04-11 18:12:54-04:00,1,4,11,4,3,0,True,3.27522123894
MTA NYCT_6759_1,2018-04-06 16:00:29-04:00,2,0,15,5,5,0,True,2.21420634921
MTA NYCT_6759_1,2018-04-07 16:05:34-04:00,2,0,15,5,6,1,False,1.97838582677
MTA NYCT_6759_1,2018-04-10 16:12:01-04:00,2,0,15,5,2,0,True,1.93920415225
MTA NYCT_6759_1,2018-04-11 18:17:12-04:00,2,4,15,5,3,0,True,2.04836689038
MTA NYCT_6759_1,2018-04-06 16:03:07-04:00,3,0,16,6,5,0,True,2.32893970894
MTA NYCT_6759_1,2018-04-07 16:14:33-04:00,3,0,16,6,6,1,False,1.62214511041
MTA NYCT_6759_1,2018-04-10 16:22:11-04:00,3,0,16,6,2,0,True,2.21712643678
MTA NYCT_6759_1,2018-04-11 18:25:11-04:00,3,4,16,6,3,0,True,2.20199095023
MTA NYCT_6759_1,2018-04-06 16:11:40-04:00,4,0,9,1,5,0,True,2.69297777778
MTA NYCT_6759_1,2018-04-07 16:25:38-04:00,4,0,9,1,6,1,False,2.72183246073
MTA NYCT_6759_1,2018-04-10 16:29:58-04:00,4,0,9,1,2,0,True,2.48276264591
MTA NYCT_6759_1,2018-04-11 18:33:05-04:00,4,5,9,1,3,0,True,2.3969379845
MTA NYCT_6759_1,2018-04-12 16:00:28-04:00,4,0,9,1,4,0,True,1.60725806452
MTA NYCT_6759_1,2018-04-06 16:15:57-04:00,5,0,8,3,5,0,True,2.05780104712
MTA NYCT_6759_1,2018-04-07 16:29:21-04:00,5,0,8,3,6,1,False,1.53694915254
MTA NYCT_6759_1,2018-04-10 16:34:48-04:00,5,1,8,3,2,0,True,1.35548611111
MTA NYCT_6759_1,2018-04-11 18:37:56-04:00,5,5,8,3,3,0,True,3.80067669173
MTA NYCT_6759_1,2018-04-12 16:02:01-04:00,5,0,8,3,4,0,True,1.02701570681
MTA NYCT_6759_1,2018-04-06 16:19:40-04:00,6,0,9,3,5,0,True,1.93877729258
MTA NYCT_6759_1,2018-04-07 16:35:47-04:00,6,1,9,3,6,1,False,1.4574375
MTA NYCT_6759_1,2018-04-10 16:40:08-04:00,6,1,9,3,2,0,True,2.17113300493
MTA NYCT_6759_1,2018-04-11 18:40:41-04:00,6,5,9,3,3,0,True,1.99875
MTA NYCT_6759_1,2018-04-12 16:08:55-04:00,6,0,9,3,4,0,True,2.05861607143
MTA NYCT_6760_1,2018-04-12 16:00:07-04:00,3,0,16,6,4,0,True,1.33871670702
MTA NYCT_6760_1,2018-04-09 16:00:13-04:00,4,0,9,1,1,0,True,
MTA NYCT_6760_1,2018-04-12 16:07:31-04:00,4,0,9,1,4,0,True,2.19101167315
MTA NYCT_6760_1,2018-04-09 16:00:44-04:00,5,0,8,3,1,0,True,1.69855123675
MTA NYCT_6760_1,2018-04-12 16:12:20-04:00,5,0,8,3,4,0,True,1.56158415842
MTA NYCT_6760_1,2018-04-09 16:05:57-04:00,6,0,9,3,1,0,True,2.991375
MTA NYCT_6760_1,2018-04-11 16:00:08-04:00,6,0,9,3,3,0,True,
MTA NYCT_6760_1,2018-04-12 16:17:55-04:00,6,0,9,3,4,0,True,2.41876847291
MTA NYCT_6761_1,2018-04-06 16:25:05-04:00,1,0,11,4,5,0,True,4.35395833333
MTA NYCT_6761_1,2018-04-07 17:24:26-04:00,1,2,11,4,6,1,False,6.115078125
MTA NYCT_6761_1,2018-04-09 16:38:00-04:00,1,1,11,4,1,0,True,2.74644444444
MTA NYCT_6761_1,2018-04-12 16:18:33-04:00,1,0,11,4,4,0,True,4.58842767296
MTA NYCT_6761_1,2018-04-06 16:27:14-04:00,2,0,15,5,5,0,True,2.97917933131
MTA NYCT_6761_1,2018-04-07 17:27:06-04:00,2,2,15,5,6,1,False,2.45372197309
MTA NYCT_6761_1,2018-04-09 16:42:17-04:00,2,1,15,5,1,0,True,2.58915662651
MTA NYCT_6761_1,2018-04-12 16:21:44-04:00,2,0,15,5,4,0,True,2.16
MTA NYCT_6761_1,2018-04-06 16:33:14-04:00,3,1,16,6,5,0,True,2.76715662651
MTA NYCT_6761_1,2018-04-07 17:35:36-04:00,3,3,16,6,6,1,False,2.165
MTA NYCT_6761_1,2018-04-09 16:50:17-04:00,3,1,16,6,1,0,True,2.16402957486
MTA NYCT_6761_1,2018-04-12 16:30:45-04:00,3,1,16,6,4,0,True,1.62507503411
MTA NYCT_6761_1,2018-04-06 16:40:40-04:00,4,1,9,1,5,0,True,2.67265625
MTA NYCT_6761_1,2018-04-07 17:43:35-04:00,4,3,9,1,6,1,False,2.0453633218
MTA NYCT_6761_1,2018-04-09 16:59:50-04:00,4,1,9,1,1,0,True,2.432
MTA NYCT_6761_1,2018-04-12 16:43:30-04:00,4,1,9,1,4,0,True,1.98608695652
MTA NYCT_6761_1,2018-04-06 16:44:24-04:00,5,1,8,3,5,0,True,3.105234375
MTA NYCT_6761_1,2018-04-07 17:48:55-04:00,5,3,8,3,6,1,False,1.69144404332
MTA NYCT_6761_1,2018-04-09 17:03:42-04:00,5,2,8,3,1,0,True,1.43363636364
MTA NYCT_6761_1,2018-04-12 16:48:15-04:00,5,1,8,3,4,0,True,1.99174107143
MTA NYCT_6761_1,2018-04-06 16:47:36-04:00,6,1,9,3,5,0,True,3.42372093023
MTA NYCT_6761_1,2018-04-07 17:54:05-04:00,6,3,9,3,6,1,False,1.58893700787
MTA NYCT_6761_1,2018-04-09 17:10:05-04:00,6,2,9,3,1,0,True,0.866571428571
MTA NYCT_6761_1,2018-04-12 16:52:31-04:00,6,1,9,3,4,0,True,3.62073684211
MTA NYCT_6761_2,2018-04-06 19:18:28-04:00,1,6,11,4,5,0,False,4.24090909091
MTA NYCT_6761_2,2018-04-06 19:22:07-04:00,2,6,15,5,5,0,False,2.58317829457
MTA NYCT_6761_2,2018-04-06 19:29:38-04:00,3,6,16,6,5,0,False,2.9516056338
MTA NYCT_6761_2,2018-04-06 19:36:05-04:00,4,7,9,1,5,0,False,1.55444444444
MTA NYCT_6761_2,2018-04-06 19:39:45-04:00,5,7,8,3,5,0,False,3.59504
MTA NYCT_6761_2,2018-04-06 19:42:21-04:00,6,7,9,3,5,0,False,1.81152866242
MTA NYCT_6762_1,2018-04-06 17:42:36-04:00,1,3,11,4,5,0,True,2.96984251969
MTA NYCT_6762_1,2018-04-10 16:42:30-04:00,1,1,11,4,2,0,True,4.0896875
MTA NYCT_6762_1,2018-04-12 18:11:16-04:00,1,4,11,4,4,0,True,2.34198113208
MTA NYCT_6762_1,2018-04-06 17:47:21-04:00,2,3,15,5,5,0,True,1.56443573668
MTA NYCT_6762_1,2018-04-10 16:45:41-04:00,2,1,15,5,2,0,True,3.08358490566
MTA NYCT_6762_1,2018-04-12 18:17:06-04:00,2,4,15,5,4,0,True,3.27191919192
MTA NYCT_6762_1,2018-04-06 17:59:14-04:00,3,3,16,6,5,0,True,2.61721804511
MTA NYCT_6762_1,2018-04-10 16:52:04-04:00,3,1,16,6,2,0,True,2.28073752711
MTA NYCT_6762_1,2018-04-12 18:22:35-04:00,3,4,16,6,4,0,True,2.9666572238
MTA NYCT_6762_1,2018-04-06 18:06:24-04:00,4,4,9,1,5,0,True,1.74595611285
MTA NYCT_6762_1,2018-04-10 17:00:19-04:00,4,2,9,1,2,0,True,2.67317708333
MTA NYCT_6762_1,2018-04-12 18:28:59-04:00,4,4,9,1,4,0,True,1.93055555556
MTA NYCT_6762_1,2018-04-06 18:12:46-04:00,5,4,8,3,5,0,True,1.38678321678
MTA NYCT_6762_1,2018-04-10 17:04:02-04:00,5,2,8,3,2,0,True,2.6253125
MTA NYCT_6762_1,2018-04-12 18:34:52-04:00,5,5,8,3,4,0,True,
MTA NYCT_6762_1,2018-04-06 18:18:38-04:00,6,4,9,3,5,0,True,2.24442748092
MTA NYCT_6762_1,2018-04-10 17:07:45-04:00,6,2,9,3,2,0,True,3.140546875
MTA NYCT_6763_1,2018-04-09 16:00:32-04:00,1,0,11,4,1,0,True,0.716602564103
MTA NYCT_6763_1,2018-04-09 16:03:41-04:00,2,0,15,5,1,0,True,2.58763020833
MTA NYCT_6763_1,2018-04-09 16:10:37-04:00,3,0,16,6,1,0,True,2.37552884615
MTA NYCT_6763_1,2018-04-09 16:18:06-04:00,4,0,9,1,1,0,True,2.00711462451
MTA NYCT_6763_1,2018-04-09 16:22:54-04:00,5,0,8,3,1,0,True,1.48125
MTA NYCT_6763_1,2018-04-09 16:26:39-04:00,6,0,9,3,1,0,True,2.18631578947
MTA NYCT_6764_1,2018-04-11 18:29:15-04:00,1,4,11,4,3,0,True,4.714
MTA NYCT_6764_1,2018-04-12 17:32:18-04:00,1,3,11,4,4,0,True,3.18406926407
MTA NYCT_6764_1,2018-04-11 18:32:02-04:00,2,5,15,5,3,0,True,2.55160427807
MTA NYCT_6764_1,2018-04-12 17:36:40-04:00,2,3,15,5,4,0,True,1.96888157895
MTA NYCT_6764_1,2018-04-11 18:38:48-04:00,3,5,16,6,3,0,True,2.21870967742
MTA NYCT_6764_1,2018-04-12 17:44:48-04:00,3,3,16,6,4,0,True,1.97351785714
MTA NYCT_6764_1,2018-04-11 18:46:34-04:00,4,5,9,1,3,0,True,2.64595454545
MTA NYCT_6764_1,2018-04-12 17:54:40-04:00,4,3,9,1,4,0,True,1.33997635934
MTA NYCT_6764_1,2018-04-07 16:00:16-04:00,5,0,8,3,6,1,False,3.8459375
MTA NYCT_6764_1,2018-04-11 18:51:19-04:00,5,5,8,3,3,0,True,1.88234375
MTA NYCT_6764_1,2018-04-12 18:02:15-04:00,5,4,8,3,4,0,True,1.56843260188
MTA NYCT_6764_1,2018-04-07 16:02:56-04:00,6,0,9,3,6,1,False,1.57634615385
MTA NYCT_6764_1,2018-04-11 18:56:40-04:00,6,5,9,3,3,0,False,1.95401826484
MTA NYCT_6764_1,2018-04-12 18:08:38-04:00,6,4,9,3,4,0,True,1.14286746988
MTA NYCT_6765_1,2018-04-08 16:18:51-04:00,1,0,11,4,7,1,False,4.7279245283
MTA NYCT_6765_1,2018-04-10 19:59:02-04:00,1,7,11,4,2,0,False,1.730625
MTA NYCT_6765_1,2018-04-11 16:26:39-04:00,1,0,11,4,3,0,True,0.580582847627
MTA NYCT_6765_1,2018-04-12 17:05:29-04:00,1,2,11,4,4,0,True,2.29984423676
MTA NYCT_6765_1,2018-04-08 16:22:02-04:00,2,0,15,5,7,1,False,2.48800569801
MTA NYCT_6765_1,2018-04-11 16:47:12-04:00,2,1,15,5,3,0,True,1.49182677165
MTA NYCT_6765_1,2018-04-12 17:11:21-04:00,2,2,15,5,4,0,True,1.72962616822
MTA NYCT_6765_1,2018-04-08 16:28:26-04:00,3,0,16,6,7,1,False,3.09664739884
MTA NYCT_6765_1,2018-04-11 16:58:19-04:00,3,1,16,6,3,0,True,2.34196428571
MTA NYCT_6765_1,2018-04-12 17:20:47-04:00,3,2,16,6,4,0,True,1.6144911147
MTA NYCT_6765_1,2018-04-08 16:34:44-04:00,4,1,9,1,7,1,False,3.77577319588
MTA NYCT_6765_1,2018-04-11 17:06:20-04:00,4,2,9,1,3,0,True,1.64110817942
MTA NYCT_6765_1,2018-04-12 17:31:38-04:00,4,3,9,1,4,0,True,1.62989528796
MTA NYCT_6765_1,2018-04-08 16:36:53-04:00,5,1,8,3,7,1,False,2.41526315789
MTA NYCT_6765_1,2018-04-11 17:14:14-04:00,5,2,8,3,3,0,True,1.21442666667
MTA NYCT_6765_1,2018-04-12 17:38:32-04:00,5,3,8,3,4,0,True,1.07812865497
MTA NYCT_6765_1,2018-04-08 16:39:00-04:00,6,1,9,3,7,1,False,1.94714285714
MTA NYCT_6765_1,2018-04-11 17:21:02-04:00,6,2,9,3,3,0,True,2.28176100629
MTA NYCT_6765_1,2018-04-12 17:47:36-04:00,6,3,9,3,4,0,True,1.71706185567
MTA NYCT_6766_1,2018-04-10 17:35:37-04:00,1,3,11,4,2,0,True,1.8728125
MTA NYCT_6766_1,2018-04-11 19:05:06-04:00,1,6,11,4,3,0,False,2.13816199377
MTA NYCT_6766_1,2018-04-10 17:43:04-04:00,2,3,15,5,2,0,True,1.4467862969
MTA NYCT_6766_1,2018-04-11 19:11:00-04:00,2,6,15,5,3,0,False,2.52691919192
MTA NYCT_6766_1,2018-04-10 17:53:49-04:00,3,3,16,6,2,0,True,1.26165829146
MTA NYCT_6766_1,2018-04-11 19:18:08-04:00,3,6,16,6,3,0,False,2.28404761905
MTA NYCT_6766_1,2018-04-10 18:08:09-04:00,4,4,9,1,2,0,True,1.76831111111
MTA NYCT_6766_1,2018-04-11 19:25:40-04:00,4,6,9,1,3,0,False,2.43929411765
MTA NYCT_6766_1,2018-04-10 18:12:26-04:00,5,4,8,3,2,0,True,1.54899305556
MTA NYCT_6766_1,2018-04-11 19:30:27-04:00,5,7,8,3,3,0,False,2.63916230366
MTA NYCT_6766_1,2018-04-10 18:17:46-04:00,6,4,9,3,2,0,True,2.02097777778
MTA NYCT_6766_1,2018-04-11 19:34:11-04:00,6,7,9,3,3,0,False,2.5205
MTA NYCT_6767_1,2018-04-08 17:36:54-04:00,1,3,11,4,7,1,False,3.82664921466
MTA NYCT_6767_1,2018-04-10 17:39:42-04:00,1,3,11,4,2,0,True,4.55888198758
MTA NYCT_6767_1,2018-04-11 16:56:07-04:00,1,1,11,4,3,0,True,0.638318965517
MTA NYCT_6767_1,2018-04-12 16:53:36-04:00,1,1,11,4,4,0,True,2.54453608247
MTA NYCT_6767_1,2018-04-08 17:40:37-04:00,2,3,15,5,7,1,False,3.18602076125
MTA NYCT_6767_1,2018-04-10 17:42:54-04:00,2,3,15,5,2,0,True,1.82603351955
MTA NYCT_6767_1,2018-04-11 17:15:59-04:00,2,2,15,5,3,0,True,1.88391986063
MTA NYCT_6767_1,2018-04-12 16:59:00-04:00,2,1,15,5,4,0,True,1.63885950413
MTA NYCT_6767_1,2018-04-08 17:46:31-04:00,3,3,16,6,7,1,False,3.05236467236
MTA NYCT_6767_1,2018-04-10 17:52:23-04:00,3,3,16,6,2,0,True,1.72210691824
MTA NYCT_6767_1,2018-04-11 17:26:37-04:00,3,2,16,6,3,0,True,2.10064449064
MTA NYCT_6767_1,2018-04-12 17:10:20-04:00,3,2,16,6,4,0,True,1.85560885609
MTA NYCT_6767_1,2018-04-08 17:52:55-04:00,4,3,9,1,7,1,False,3.52125
MTA NYCT_6767_1,2018-04-10 18:03:31-04:00,4,4,9,1,2,0,True,2.56233944954
MTA NYCT_6767_1,2018-04-11 17:35:28-04:00,4,3,9,1,3,0,True,2.22872093023
MTA NYCT_6767_1,2018-04-12 17:19:53-04:00,4,2,9,1,4,0,True,1.30911963883
MTA NYCT_6767_1,2018-04-08 17:55:02-04:00,5,3,8,3,7,1,False,5.12892473118
MTA NYCT_6767_1,2018-04-10 18:07:41-04:00,5,4,8,3,2,0,True,1.72381165919
MTA NYCT_6767_1,2018-04-11 17:40:50-04:00,5,3,8,3,3,0,True,1.31301994302
MTA NYCT_6767_1,2018-04-12 17:27:48-04:00,5,2,8,3,4,0,True,1.57450777202
MTA NYCT_6767_1,2018-04-08 17:57:06-04:00,6,3,9,3,7,1,False,1.90359375
MTA NYCT_6767_1,2018-04-11 17:48:14-04:00,6,3,9,3,3,0,True,2.46666666667
MTA NYCT_6767_1,2018-04-12 17:32:36-04:00,6,3,9,3,4,0,True,1.9378125
MTA NYCT_6768_1,2018-04-06 16:48:37-04:00,1,1,11,4,5,0,True,2.49470404984
MTA NYCT_6768_1,2018-04-07 17:52:54-04:00,1,3,11,4,6,1,False,2.92299212598
MTA NYCT_6768_1,2018-04-11 16:44:22-04:00,1,1,11,4,3,0,True,0.668310463122
MTA NYCT_6768_1,2018-04-06 16:54:29-04:00,2,1,15,5,5,0,True,2.00107438017
MTA NYCT_6768_1,2018-04-07 17:57:40-04:00,2,3,15,5,6,1,False,2.51729658793
MTA NYCT_6768_1,2018-04-11 17:04:21-04:00,2,2,15,5,3,0,True,2.28645631068
MTA NYCT_6768_1,2018-04-06 17:03:06-04:00,3,2,16,6,5,0,True,1.9279202773
MTA NYCT_6768_1,2018-04-07 18:04:32-04:00,3,4,16,6,6,1,False,1.12581066376
MTA NYCT_6768_1,2018-04-11 17:12:18-04:00,3,2,16,6,3,0,True,2.28920408163
MTA NYCT_6768_1,2018-04-06 17:13:14-04:00,4,2,9,1,5,0,True,1.52248691099
MTA NYCT_6768_1,2018-04-07 18:18:47-04:00,4,4,9,1,6,1,False,1.82275590551
MTA NYCT_6768_1,2018-04-11 17:21:00-04:00,4,2,9,1,3,0,True,1.88932075472
MTA NYCT_6768_1,2018-04-06 17:20:39-04:00,5,2,8,3,5,0,True,0.8028125
MTA NYCT_6768_1,2018-04-07 18:23:34-04:00,5,4,8,3,6,1,False,1.17338624339
MTA NYCT_6768_1,2018-04-11 17:25:56-04:00,5,2,8,3,3,0,True,1.32951388889
MTA NYCT_6768_1,2018-04-06 17:25:27-04:00,6,2,9,3,5,0,True,1.12771428571
MTA NYCT_6768_1,2018-04-07 18:30:54-04:00,6,5,9,3,6,1,False,2.0907
MTA NYCT_6768_1,2018-04-11 17:31:16-04:00,6,3,9,3,3,0,True,3.0393902439
MTA NYCT_6769_1,2018-04-09 16:11:37-04:00,1,0,11,4,1,0,True,2.31432601881
MTA NYCT_6769_1,2018-04-11 16:50:16-04:00,1,1,11,4,3,0,True,0.623191304348
MTA NYCT_6769_1,2018-04-09 16:17:29-04:00,2,0,15,5,1,0,True,2.38002808989
MTA NYCT_6769_1,2018-04-11 17:09:58-04:00,2,2,15,5,3,0,True,1.56978601997
MTA NYCT_6769_1,2018-04-09 16:23:57-04:00,3,0,16,6,1,0,True,1.87816498316
MTA NYCT_6769_1,2018-04-11 17:22:11-04:00,3,2,16,6,3,0,True,1.84197019868
MTA NYCT_6769_1,2018-04-12 16:00:21-04:00,3,0,16,6,4,0,True,1.20328125
MTA NYCT_6769_1,2018-04-09 16:34:23-04:00,4,1,9,1,1,0,True,1.96655172414
MTA NYCT_6769_1,2018-04-11 17:32:47-04:00,4,3,9,1,3,0,True,2.297109375
MTA NYCT_6769_1,2018-04-12 16:03:39-04:00,4,0,9,1,4,0,True,2.50112107623
MTA NYCT_6769_1,2018-04-09 16:39:45-04:00,5,1,8,3,1,0,True,2.45447916667
MTA NYCT_6769_1,2018-04-11 17:38:07-04:00,5,3,8,3,3,0,True,1.23214492754
MTA NYCT_6769_1,2018-04-12 16:07:54-04:00,5,0,8,3,4,0,True,1.35546875
MTA NYCT_6769_1,2018-04-09 16:43:28-04:00,6,1,9,3,1,0,True,2.58826086957
MTA NYCT_6769_1,2018-04-11 17:44:24-04:00,6,3,9,3,3,0,True,2.29134615385
MTA NYCT_6769_1,2018-04-12 16:13:46-04:00,6,0,9,3,4,0,True,1.83189873418
MTA NYCT_6769_2,2018-04-09 19:18:32-04:00,1,6,11,4,1,0,False,3.97537974684
MTA NYCT_6769_2,2018-04-09 19:21:43-04:00,2,6,15,5,1,0,False,4.41089285714
MTA NYCT_6769_2,2018-04-09 19:26:31-04:00,3,6,16,6,1,0,False,3.7966796875
MTA NYCT_6769_2,2018-04-09 19:31:19-04:00,4,7,9,1,1,0,False,2.30832460733
MTA NYCT_6769_2,2018-04-09 19:35:02-04:00,5,7,8,3,1,0,False,1.74386206897
MTA NYCT_6769_2,2018-04-09 19:40:23-04:00,6,7,9,3,1,0,False,2.18072916667
MTA NYCT_6770_1,2018-04-06 16:45:55-04:00,1,1,11,4,5,0,True,2.66028169014
MTA NYCT_6770_1,2018-04-06 16:51:11-04:00,2,1,15,5,5,0,True,1.5723951049
MTA NYCT_6770_1,2018-04-06 17:01:15-04:00,3,2,16,6,5,0,True,1.63123222749
MTA NYCT_6770_1,2018-04-06 17:12:21-04:00,4,2,9,1,5,0,True,2.05539370079
MTA NYCT_6770_1,2018-04-12 16:00:29-04:00,4,0,9,1,4,0,True,2.46541666667
MTA NYCT_6770_1,2018-04-06 17:17:06-04:00,5,2,8,3,5,0,True,1.74342342342
MTA NYCT_6770_1,2018-04-12 16:02:36-04:00,5,0,8,3,4,0,True,1.27684507042
MTA NYCT_6770_1,2018-04-06 17:21:20-04:00,6,2,9,3,5,0,True,1.62535433071
MTA NYCT_6770_1,2018-04-12 16:09:03-04:00,6,0,9,3,4,0,True,2.34
MTA NYCT_6771_1,2018-04-06 16:29:45-04:00,1,0,11,4,5,0,True,3.42316062176
MTA NYCT_6771_1,2018-04-07 19:40:19-04:00,1,7,11,4,6,1,False,4.0315625
MTA NYCT_6771_1,2018-04-12 18:51:21-04:00,1,5,11,4,4,0,True,1.61993548387
MTA NYCT_6771_1,2018-04-06 16:33:30-04:00,2,1,15,5,5,0,True,2.49987980769
MTA NYCT_6771_1,2018-04-07 19:42:26-04:00,2,7,15,5,6,1,False,2.31125279642
MTA NYCT_6771_1,2018-04-11 16:00:17-04:00,2,0,15,5,3,0,True,2.06545741325
MTA NYCT_6771_1,2018-04-12 18:54:27-04:00,2,5,15,5,4,0,False,2.38412987013
MTA NYCT_6771_1,2018-04-06 16:41:29-04:00,3,1,16,6,5,0,True,1.56311728395
MTA NYCT_6771_1,2018-04-07 19:50:25-04:00,3,7,16,6,6,1,False,
MTA NYCT_6771_1,2018-04-11 16:06:05-04:00,3,0,16,6,3,0,True,2.40739420935
MTA NYCT_6771_1,2018-04-12 19:01:24-04:00,3,6,16,6,4,0,False,2.33575892857
MTA NYCT_6771_1,2018-04-06 16:54:29-04:00,4,1,9,1,5,0,True,1.0199380805
MTA NYCT_6771_1,2018-04-11 16:14:05-04:00,4,0,9,1,3,0,True,2.92015706806
MTA NYCT_6771_1,2018-04-12 19:09:24-04:00,4,6,9,1,4,0,False,2.1899609375
MTA NYCT_6771_1,2018-04-06 17:00:23-04:00,5,2,8,3,5,0,True,2.14558951965
MTA NYCT_6771_1,2018-04-11 16:18:19-04:00,5,0,8,3,3,0,True,2.0592760181
MTA NYCT_6771_1,2018-04-12 19:14:12-04:00,5,6,8,3,4,0,False,1.78387434555
MTA NYCT_6771_1,2018-04-06 17:04:43-04:00,6,2,9,3,5,0,True,2.00567567568
MTA NYCT_6771_1,2018-04-11 16:22:33-04:00,6,0,9,3,3,0,True,2.02472477064
MTA NYCT_6771_1,2018-04-12 19:17:55-04:00,6,6,9,3,4,0,False,1.66768965517
MTA NYCT_6772_1,2018-04-07 16:33:34-04:00,1,1,11,4,6,1,False,5.35118110236
MTA NYCT_6772_1,2018-04-09 17:12:52-04:00,1,2,11,4,1,0,True,3.86539267016
MTA NYCT_6772_1,2018-04-10 16:18:47-04:00,1,0,11,4,2,0,True,1.93323759791
MTA NYCT_6772_1,2018-04-07 16:36:13-04:00,2,1,15,5,6,1,False,2.20624505929
MTA NYCT_6772_1,2018-04-09 17:16:35-04:00,2,2,15,5,1,0,True,2.11992156863
MTA NYCT_6772_1,2018-04-10 16:25:42-04:00,2,0,15,5,2,0,True,2.22188481675
MTA NYCT_6772_1,2018-04-07 16:45:43-04:00,3,1,16,6,6,1,False,2.34018987342
MTA NYCT_6772_1,2018-04-09 17:25:37-04:00,3,2,16,6,1,0,True,2.37782608696
MTA NYCT_6772_1,2018-04-10 16:32:36-04:00,3,1,16,6,2,0,True,2.82
MTA NYCT_6772_1,2018-04-07 16:54:08-04:00,4,1,9,1,6,1,False,2.21108597285
MTA NYCT_6772_1,2018-04-09 17:33:03-04:00,4,3,9,1,1,0,True,2.24683794466
MTA NYCT_6772_1,2018-04-10 16:39:32-04:00,4,1,9,1,2,0,True,1.95698245614
MTA NYCT_6772_1,2018-04-07 16:58:52-04:00,5,1,8,3,6,1,False,1.9268556701
MTA NYCT_6772_1,2018-04-09 17:37:48-04:00,5,3,8,3,1,0,True,1.70347368421
MTA NYCT_6772_1,2018-04-10 16:45:20-04:00,5,1,8,3,2,0,True,2.19614349776
MTA NYCT_6772_1,2018-04-07 17:02:37-04:00,6,2,9,3,6,1,False,2.61927835052
MTA NYCT_6772_1,2018-04-09 17:43:05-04:00,6,3,9,3,1,0,True,1.77003952569
MTA NYCT_6772_1,2018-04-10 16:49:35-04:00,6,1,9,3,2,0,True,2.13231884058
MTA NYCT_6773_1,2018-04-06 16:00:26-04:00,2,0,15,5,5,0,True,1.87622641509
MTA NYCT_6773_1,2018-04-06 16:08:54-04:00,3,0,16,6,5,0,True,1.96947552448
MTA NYCT_6773_1,2018-04-06 16:19:29-04:00,4,0,9,1,5,0,True,1.3527486911
MTA NYCT_6773_1,2018-04-06 16:26:23-04:00,5,0,8,3,5,0,True,2.62761290323
MTA NYCT_6773_1,2018-04-06 16:29:30-04:00,6,0,9,3,5,0,True,1.94482142857
MTA NYCT_6774_1,2018-04-06 16:00:25-04:00,3,0,16,6,5,0,True,1.58875
MTA NYCT_6774_1,2018-04-06 16:02:01-04:00,4,0,9,1,5,0,True,1.85052447552
MTA NYCT_6774_1,2018-04-06 16:07:19-04:00,5,0,8,3,5,0,True,2.78047619048
MTA NYCT_6774_1,2018-04-06 16:11:01-04:00,6,0,9,3,5,0,True,3.45302325581
MTA NYCT_6775_1,2018-04-10 17:32:08-04:00,1,3,11,4,2,0,True,3.97296875
MTA NYCT_6775_1,2018-04-11 19:17:03-04:00,1,6,11,4,3,0,False,4.54082278481
MTA NYCT_6775_1,2018-04-10 17:35:02-04:00,2,3,15,5,2,0,True,1.36593539704
MTA NYCT_6775_1,2018-04-11 19:20:12-04:00,2,6,15,5,3,0,False,3.6776284585
MTA NYCT_6775_1,2018-04-10 17:47:58-04:00,3,3,16,6,2,0,True,1.89696498054
MTA NYCT_6775_1,2018-04-11 19:24:57-04:00,3,6,16,6,3,0,False,2.66979539642
MTA NYCT_6775_1,2018-04-10 17:57:05-04:00,4,3,9,1,2,0,True,1.97852201258
MTA NYCT_6775_1,2018-04-11 19:32:00-04:00,4,7,9,1,3,0,False,2.23869047619
MTA NYCT_6775_1,2018-04-09 16:00:30-04:00,5,0,8,3,1,0,True,0.64942408377
MTA NYCT_6775_1,2018-04-10 18:03:27-04:00,5,4,8,3,2,0,True,2.716875
MTA NYCT_6775_1,2018-04-11 19:36:43-04:00,5,7,8,3,3,0,False,1.99686098655
MTA NYCT_6775_1,2018-04-09 16:04:14-04:00,6,0,9,3,1,0,True,2.38256281407
MTA NYCT_6775_1,2018-04-10 18:07:10-04:00,6,4,9,3,2,0,True,2.08525773196
MTA NYCT_6775_1,2018-04-11 19:41:30-04:00,6,7,9,3,3,0,False,0.0455208333333
MTA NYCT_6776_1,2018-04-08 16:38:14-04:00,1,1,11,4,7,1,False,5.13961832061
MTA NYCT_6776_1,2018-04-10 16:00:14-04:00,1,0,11,4,2,0,True,0.70859375
MTA NYCT_6776_1,2018-04-11 17:33:49-04:00,1,3,11,4,3,0,True,0.928073394495
MTA NYCT_6776_1,2018-04-08 16:40:58-04:00,2,1,15,5,7,1,False,2.11288713911
MTA NYCT_6776_1,2018-04-10 16:01:49-04:00,2,0,15,5,2,0,True,2.4446701847
MTA NYCT_6776_1,2018-04-11 17:47:03-04:00,2,3,15,5,3,0,True,1.99646365422
MTA NYCT_6776_1,2018-04-08 16:47:52-04:00,3,1,16,6,7,1,False,2.87826315789
MTA NYCT_6776_1,2018-04-10 16:08:41-04:00,3,0,16,6,2,0,True,1.68056962025
MTA NYCT_6776_1,2018-04-11 17:56:36-04:00,3,3,16,6,3,0,True,2.39025210084
MTA NYCT_6776_1,2018-04-08 16:54:44-04:00,4,1,9,1,7,1,False,5.86020833333
MTA NYCT_6776_1,2018-04-10 16:19:45-04:00,4,0,9,1,2,0,True,2.02546875
MTA NYCT_6776_1,2018-04-11 18:05:03-04:00,4,4,9,1,3,0,True,2.36540880503
MTA NYCT_6776_1,2018-04-08 16:57:24-04:00,5,1,8,3,7,1,False,3.08270440252
MTA NYCT_6776_1,2018-04-09 16:00:21-04:00,5,0,8,3,1,0,True,1.0977972028
MTA NYCT_6776_1,2018-04-10 16:24:32-04:00,5,0,8,3,2,0,True,1.46110526316
MTA NYCT_6776_1,2018-04-11 18:08:15-04:00,5,4,8,3,3,0,True,1.52177142857
MTA NYCT_6776_1,2018-04-08 17:01:07-04:00,6,2,9,3,7,1,False,3.27598425197
MTA NYCT_6776_1,2018-04-09 16:05:39-04:00,6,0,9,3,1,0,True,3.43614173228
MTA NYCT_6776_1,2018-04-10 16:28:14-04:00,6,0,9,3,2,0,True,0.960988142292
MTA NYCT_6776_1,2018-04-11 18:14:36-04:00,6,4,9,3,3,0,True,
MTA NYCT_6777_1,2018-04-06 16:39:53-04:00,1,1,11,4,5,0,True,3.68819095477
MTA NYCT_6777_1,2018-04-09 16:57:37-04:00,1,1,11,4,1,0,True,4.35633587786
MTA NYCT_6777_1,2018-04-11 17:15:41-04:00,1,2,11,4,3,0,True,0.572491987179
MTA NYCT_6777_1,2018-04-12 16:00:31-04:00,1,0,11,4,4,0,True,2.3115625
MTA NYCT_6777_1,2018-04-06 16:43:43-04:00,2,1,15,5,5,0,True,1.70198786039
MTA NYCT_6777_1,2018-04-09 17:00:21-04:00,2,2,15,5,1,0,True,2.48645244216
MTA NYCT_6777_1,2018-04-11 17:37:02-04:00,2,3,15,5,3,0,True,2.79997395833
MTA NYCT_6777_1,2018-04-12 16:03:10-04:00,2,0,15,5,4,0,True,2.24690909091
MTA NYCT_6777_1,2018-04-06 16:55:14-04:00,3,1,16,6,5,0,True,2.00435448578
MTA NYCT_6777_1,2018-04-09 17:07:34-04:00,3,2,16,6,1,0,True,2.33629186603
MTA NYCT_6777_1,2018-04-11 17:44:31-04:00,3,3,16,6,3,0,True,2.42305856833
MTA NYCT_6777_1,2018-04-12 16:10:08-04:00,3,0,16,6,4,0,True,2.1585840708
MTA NYCT_6777_1,2018-04-06 17:03:34-04:00,4,2,9,1,5,0,True,1.89393700787
MTA NYCT_6777_1,2018-04-09 17:15:04-04:00,4,2,9,1,1,0,True,1.80893063584
MTA NYCT_6777_1,2018-04-11 17:52:44-04:00,4,3,9,1,3,0,True,2.02328888889
MTA NYCT_6777_1,2018-04-12 16:21:07-04:00,4,0,9,1,4,0,True,1.47185185185
MTA NYCT_6777_1,2018-04-06 17:08:21-04:00,5,2,8,3,5,0,True,1.61732394366
MTA NYCT_6777_1,2018-04-09 17:21:56-04:00,5,2,8,3,1,0,True,1.38917613636
MTA NYCT_6777_1,2018-04-11 17:57:33-04:00,5,3,8,3,3,0,True,1.22693506494
MTA NYCT_6777_1,2018-04-12 16:24:21-04:00,5,0,8,3,4,0,True,2.03149484536
MTA NYCT_6777_1,2018-04-06 17:13:39-04:00,6,2,9,3,5,0,True,1.74761904762
MTA NYCT_6777_1,2018-04-09 17:28:21-04:00,6,2,9,3,1,0,True,0.936099706745
MTA NYCT_6777_1,2018-04-11 18:04:29-04:00,6,4,9,3,3,0,True,1.99150442478
MTA NYCT_6777_1,2018-04-12 16:28:07-04:00,6,0,9,3,4,0,True,1.48957703927
MTA NYCT_6778_1,2018-04-06 19:41:05-04:00,1,7,11,4,5,0,False,2.31996884735
MTA NYCT_6778_1,2018-04-09 16:12:49-04:00,1,0,11,4,1,0,True,3.39205357143
MTA NYCT_6778_1,2018-04-12 19:17:29-04:00,1,6,11,4,4,0,False,2.55575862069
MTA NYCT_6778_1,2018-04-06 19:46:58-04:00,2,7,15,5,5,0,False,2.79705382436
MTA NYCT_6778_1,2018-04-09 16:17:04-04:00,2,0,15,5,1,0,True,2.46506527415
MTA NYCT_6778_1,2018-04-12 19:22:51-04:00,2,6,15,5,4,0,False,2.70962962963
MTA NYCT_6778_1,2018-04-06 19:53:23-04:00,3,7,16,6,5,0,False,3.39845614035
MTA NYCT_6778_1,2018-04-09 16:23:58-04:00,3,0,16,6,1,0,True,1.84601652893
MTA NYCT_6778_1,2018-04-10 16:00:00-04:00,3,0,16,6,2,0,True,1.61377016129
MTA NYCT_6778_1,2018-04-12 19:29:45-04:00,3,6,16,6,4,0,False,2.34096629213
MTA NYCT_6778_1,2018-04-06 19:58:40-04:00,4,7,9,1,5,0,False,1.33507936508
MTA NYCT_6778_1,2018-04-09 16:34:34-04:00,4,1,9,1,1,0,True,0.721616954474
MTA NYCT_6778_1,2018-04-10 16:08:48-04:00,4,0,9,1,2,0,True,1.90426791277
MTA NYCT_6778_1,2018-04-12 19:37:42-04:00,4,7,9,1,4,0,False,2.55712041885
MTA NYCT_6778_1,2018-04-09 16:45:43-04:00,5,1,8,3,1,0,True,2.20037735849
MTA NYCT_6778_1,2018-04-10 16:14:41-04:00,5,0,8,3,2,0,True,1.8972265625
MTA NYCT_6778_1,2018-04-12 19:41:25-04:00,5,7,8,3,4,0,False,2.3979245283
MTA NYCT_6778_1,2018-04-07 16:00:00-04:00,6,0,9,3,6,1,False,2.29296875
MTA NYCT_6778_1,2018-04-09 16:48:54-04:00,6,1,9,3,1,0,True,1.42087227414
MTA NYCT_6778_1,2018-04-10 16:19:28-04:00,6,0,9,3,2,0,True,0.970294117647
MTA NYCT_6778_1,2018-04-12 19:44:36-04:00,6,7,9,3,4,0,False,1.83931937173
MTA NYCT_6778_2,2018-04-07 18:21:46-04:00,1,4,11,4,6,1,False,3.87953367876
MTA NYCT_6778_2,2018-04-07 18:25:31-04:00,2,4,15,5,6,1,False,2.62656324582
MTA NYCT_6778_2,2018-04-07 18:33:33-04:00,3,5,16,6,6,1,False,0.526802083333
MTA NYCT_6778_2,2018-04-07 19:24:51-04:00,6,6,9,3,6,1,False,2.16480620155
MTA NYCT_6779_1,2018-04-06 16:24:39-04:00,1,0,11,4,5,0,True,2.36043613707
MTA NYCT_6779_1,2018-04-08 18:20:18-04:00,1,4,11,4,7,1,False,4.13671875
MTA NYCT_6779_1,2018-04-11 16:00:29-04:00,1,0,11,4,3,0,True,0.456098790323
MTA NYCT_6779_1,2018-04-06 16:30:32-04:00,2,1,15,5,5,0,True,1.99836144578
MTA NYCT_6779_1,2018-04-08 18:22:59-04:00,2,4,15,5,7,1,False,6.11931677019
MTA NYCT_6779_1,2018-04-11 16:17:34-04:00,2,0,15,5,3,0,True,1.54525170068
MTA NYCT_6779_1,2018-04-12 16:00:28-04:00,2,0,15,5,4,0,True,3.78625
MTA NYCT_6779_1,2018-04-06 16:40:42-04:00,3,1,16,6,5,0,True,2.08556547619
MTA NYCT_6779_1,2018-04-08 18:26:47-04:00,3,4,16,6,7,1,False,3.24942528736
MTA NYCT_6779_1,2018-04-11 16:30:21-04:00,3,1,16,6,3,0,True,2.20137524558
MTA NYCT_6779_1,2018-04-12 16:03:27-04:00,3,0,16,6,4,0,True,2.02899761337
MTA NYCT_6779_1,2018-04-06 16:46:51-04:00,4,1,9,1,5,0,True,1.38570987654
MTA NYCT_6779_1,2018-04-08 18:33:06-04:00,4,5,9,1,7,1,False,3.15791666667
MTA NYCT_6779_1,2018-04-11 16:40:38-04:00,4,1,9,1,3,0,True,1.43370262391
MTA NYCT_6779_1,2018-04-12 16:10:58-04:00,4,0,9,1,4,0,True,1.88824451411
MTA NYCT_6779_1,2018-04-06 16:54:06-04:00,5,1,8,3,5,0,True,1.59715384615
MTA NYCT_6779_1,2018-04-08 18:35:14-04:00,5,5,8,3,7,1,False,2.84672955975
MTA NYCT_6779_1,2018-04-11 16:46:52-04:00,5,1,8,3,3,0,True,2.25151515152
MTA NYCT_6779_1,2018-04-12 16:16:49-04:00,5,0,8,3,4,0,True,1.71768888889
MTA NYCT_6779_1,2018-04-06 16:56:48-04:00,6,1,9,3,5,0,True,1.29285714286
MTA NYCT_6779_1,2018-04-08 18:38:24-04:00,6,5,9,3,7,1,False,1.11873684211
MTA NYCT_6779_1,2018-04-11 16:51:15-04:00,6,1,9,3,3,0,True,2.7065060241
MTA NYCT_6779_1,2018-04-12 16:21:07-04:00,6,0,9,3,4,0,True,1.81658730159
MTA NYCT_6780_1,2018-04-06 18:14:02-04:00,1,4,11,4,5,0,True,3.93427672956
MTA NYCT_6780_1,2018-04-09 19:06:39-04:00,1,6,11,4,1,0,False,9.67079365079
MTA NYCT_6780_1,2018-04-10 16:54:46-04:00,1,1,11,4,2,0,True,2.57100694444
MTA NYCT_6780_1,2018-04-06 18:17:12-04:00,2,4,15,5,5,0,True,2.13365384615
MTA NYCT_6780_1,2018-04-09 19:08:14-04:00,2,6,15,5,1,0,False,4.30004464286
MTA NYCT_6780_1,2018-04-10 17:00:07-04:00,2,2,15,5,2,0,True,2.36409326425
MTA NYCT_6780_1,2018-04-06 18:25:13-04:00,3,4,16,6,5,0,True,2.40100409836
MTA NYCT_6780_1,2018-04-09 19:13:01-04:00,3,6,16,6,1,0,False,2.33513812155
MTA NYCT_6780_1,2018-04-10 17:07:05-04:00,3,2,16,6,2,0,True,1.96332103321
MTA NYCT_6780_1,2018-04-06 18:34:24-04:00,4,5,9,1,5,0,True,3.8840625
MTA NYCT_6780_1,2018-04-09 19:19:35-04:00,4,6,9,1,1,0,False,2.81010526316
MTA NYCT_6780_1,2018-04-10 17:16:42-04:00,4,2,9,1,2,0,True,1.6054985755
MTA NYCT_6780_1,2018-04-06 18:37:04-04:00,5,5,8,3,5,0,True,1.85020725389
MTA NYCT_6780_1,2018-04-09 19:24:21-04:00,5,6,8,3,1,0,False,2.03556053812
MTA NYCT_6780_1,2018-04-10 17:23:04-04:00,5,2,8,3,2,0,True,1.70285714286
MTA NYCT_6780_1,2018-04-06 18:40:49-04:00,6,5,9,3,5,0,True,3.97821052632
MTA NYCT_6780_1,2018-04-09 19:28:36-04:00,6,6,9,3,1,0,False,2.11899371069
MTA NYCT_6780_1,2018-04-10 17:28:22-04:00,6,2,9,3,2,0,True,2.13677083333
MTA NYCT_6781_1,2018-04-06 16:08:23-04:00,1,0,11,4,5,0,True,2.35624605678
MTA NYCT_6781_1,2018-04-11 16:00:05-04:00,1,0,11,4,3,0,True,0.409764397906
MTA NYCT_6781_1,2018-04-12 17:08:10-04:00,1,2,11,4,4,0,True,2.83011811024
MTA NYCT_6781_1,2018-04-06 16:14:10-04:00,2,0,15,5,5,0,True,1.80208888889
MTA NYCT_6781_1,2018-04-10 16:44:12-04:00,2,1,15,5,2,0,True,2.1592476489
MTA NYCT_6781_1,2018-04-11 16:06:59-04:00,2,0,15,5,3,0,True,1.50663338088
MTA NYCT_6781_1,2018-04-12 17:12:55-04:00,2,2,15,5,4,0,True,2.23106029106
MTA NYCT_6781_1,2018-04-06 16:22:11-04:00,3,0,16,6,5,0,True,2.25663697105
MTA NYCT_6781_1,2018-04-10 16:50:36-04:00,3,1,16,6,2,0,True,1.73684375
MTA NYCT_6781_1,2018-04-11 16:19:12-04:00,3,0,16,6,3,0,False,0.0924681543048
MTA NYCT_6781_1,2018-04-12 17:22:00-04:00,3,2,16,6,4,0,True,1.72883830455
MTA NYCT_6781_1,2018-04-06 16:30:12-04:00,4,1,9,1,5,0,True,2.13602787456
MTA NYCT_6781_1,2018-04-10 17:01:47-04:00,4,2,9,1,2,0,True,2.45131004367
MTA NYCT_6781_1,2018-04-11 19:24:13-04:00,4,6,9,1,3,0,True,-0.0493490898694
MTA NYCT_6781_1,2018-04-12 17:33:10-04:00,4,3,9,1,4,0,True,1.79867132867
MTA NYCT_6781_1,2018-04-06 16:35:32-04:00,5,1,8,3,5,0,True,0.417373572594
MTA NYCT_6781_1,2018-04-10 17:06:08-04:00,5,2,8,3,2,0,True,1.984375
MTA NYCT_6781_1,2018-04-11 16:29:52-04:00,5,0,8,3,3,0,False,0.0466056648887
MTA NYCT_6781_1,2018-04-12 17:38:28-04:00,5,3,8,3,4,0,True,1.03136268344
MTA NYCT_6781_1,2018-04-06 16:46:19-04:00,6,1,9,3,5,0,True,2.26731707317
MTA NYCT_6781_1,2018-04-10 17:10:23-04:00,6,2,9,3,2,0,True,2.01860824742
MTA NYCT_6781_1,2018-04-11 16:34:08-04:00,6,1,9,3,3,0,True,1.69523560209
MTA NYCT_6781_1,2018-04-12 17:46:56-04:00,6,3,9,3,4,0,True,4.60708333333
MTA NYCT_6782_1,2018-04-08 19:52:30-04:00,1,7,11,4,7,1,False,1.12727272727
MTA NYCT_6782_1,2018-04-08 19:54:09-04:00,2,7,15,5,7,1,False,6.13321428571
MTA NYCT_6782_1,2018-04-08 19:57:01-04:00,3,7,16,6,7,1,False,4.6611875
MTA NYCT_6783_1,2018-04-08 17:47:26-04:00,1,3,11,4,7,1,False,4.57730769231
MTA NYCT_6783_1,2018-04-10 16:00:41-04:00,1,0,11,4,2,0,True,1.96455026455
MTA NYCT_6783_1,2018-04-08 17:50:07-04:00,2,3,15,5,7,1,False,3.44493006993
MTA NYCT_6783_1,2018-04-10 16:07:32-04:00,2,0,15,5,2,0,True,1.9406918239
MTA NYCT_6783_1,2018-04-08 17:55:26-04:00,3,3,16,6,7,1,False,3.13305882353
MTA NYCT_6783_1,2018-04-10 16:16:01-04:00,3,0,16,6,2,0,True,1.89814814815
MTA NYCT_6783_1,2018-04-08 18:00:13-04:00,4,4,9,1,7,1,False,2.63367713004
MTA NYCT_6783_1,2018-04-10 16:25:32-04:00,4,0,9,1,2,0,True,2.66904977376
MTA NYCT_6783_1,2018-04-08 18:05:00-04:00,5,4,8,3,7,1,False,5.19828125
MTA NYCT_6783_1,2018-04-10 16:30:17-04:00,5,1,8,3,2,0,True,2.3664556962
MTA NYCT_6783_1,2018-04-08 18:07:08-04:00,6,4,9,3,7,1,False,1.67968911917
MTA NYCT_6783_1,2018-04-10 16:33:59-04:00,6,1,9,3,2,0,True,1.81860103627
MTA NYCT_6784_1,2018-04-06 18:17:39-04:00,1,4,11,4,5,0,True,3.20834196891
MTA NYCT_6784_1,2018-04-07 16:59:30-04:00,1,1,11,4,6,1,False,3.54134020619
MTA NYCT_6784_1,2018-04-06 18:21:24-04:00,2,4,15,5,5,0,True,3.0115862069
MTA NYCT_6784_1,2018-04-07 17:01:40-04:00,2,2,15,5,6,1,False,2.47447643979
MTA NYCT_6784_1,2018-04-06 18:26:46-04:00,3,4,16,6,5,0,True,1.81100732601
MTA NYCT_6784_1,2018-04-07 17:08:34-04:00,3,2,16,6,6,1,False,2.46987341772
MTA NYCT_6784_1,2018-04-11 16:00:11-04:00,3,0,16,6,3,0,True,0.891875
MTA NYCT_6784_1,2018-04-12 16:00:25-04:00,3,0,16,6,4,0,True,0.773018018018
MTA NYCT_6784_1,2018-04-06 18:36:23-04:00,4,5,9,1,5,0,True,2.235703125
MTA NYCT_6784_1,2018-04-07 17:16:30-04:00,4,2,9,1,6,1,False,2.37486607143
MTA NYCT_6784_1,2018-04-11 16:01:46-04:00,4,0,9,1,3,0,True,1.80239382239
MTA NYCT_6784_1,2018-04-12 16:04:39-04:00,4,0,9,1,4,0,True,2.32684210526
MTA NYCT_6784_1,2018-04-06 18:41:12-04:00,5,5,8,3,5,0,True,0.867177700348
MTA NYCT_6784_1,2018-04-07 17:21:17-04:00,5,2,8,3,6,1,False,2.68945736434
MTA NYCT_6784_1,2018-04-09 16:00:13-04:00,5,0,8,3,1,0,True,1.19031496063
MTA NYCT_6784_1,2018-04-11 16:06:37-04:00,5,0,8,3,3,0,True,1.75427835052
MTA NYCT_6784_1,2018-04-12 16:08:21-04:00,5,0,8,3,4,0,True,0.993928571429
MTA NYCT_6784_1,2018-04-06 18:46:30-04:00,6,5,9,3,5,0,True,1.54241245136
MTA NYCT_6784_1,2018-04-07 17:23:59-04:00,6,2,9,3,6,1,False,1.71211538462
MTA NYCT_6784_1,2018-04-09 16:02:53-04:00,6,0,9,3,1,0,True,1.95738219895
MTA NYCT_6784_1,2018-04-11 16:10:23-04:00,6,0,9,3,3,0,True,1.9277826087
MTA NYCT_6784_1,2018-04-12 16:16:48-04:00,6,0,9,3,4,0,True,2.00937219731
MTA NYCT_6784_2,2018-04-09 18:37:54-04:00,1,5,11,4,1,0,True,3.50669642857
MTA NYCT_6784_2,2018-04-09 18:42:09-04:00,2,5,15,5,1,0,True,2.61431428571
MTA NYCT_6784_2,2018-04-09 18:49:03-04:00,3,5,16,6,1,0,True,2.21785575049
MTA NYCT_6784_2,2018-04-09 18:58:08-04:00,4,5,9,1,1,0,False,4.27598425197
MTA NYCT_6784_2,2018-04-09 19:00:48-04:00,5,6,8,3,1,0,False,3.20689922481
MTA NYCT_6784_2,2018-04-09 19:04:00-04:00,6,6,9,3,1,0,False,1.10358885017
MTA NYCT_6786_1,2018-04-12 16:08:27-04:00,1,0,11,4,4,0,True,2.43635416667
MTA NYCT_6786_1,2018-04-12 16:13:47-04:00,2,0,15,5,4,0,True,1.84488734835
MTA NYCT_6786_1,2018-04-12 16:23:57-04:00,3,0,16,6,4,0,True,1.90440074906
MTA NYCT_6786_1,2018-04-12 16:33:24-04:00,4,1,9,1,4,0,True,1.73205607477
MTA NYCT_6786_1,2018-04-12 16:39:16-04:00,5,1,8,3,4,0,True,0.960208333333
MTA NYCT_6786_1,2018-04-12 16:46:43-04:00,6,1,9,3,4,0,True,1.9439375
MTA NYCT_6787_1,2018-04-11 16:37:42-04:00,3,1,16,6,3,0,True,3.49245059289
MTA NYCT_6787_1,2018-04-11 16:42:27-04:00,4,1,9,1,3,0,True,1.99491452991
MTA NYCT_6787_1,2018-04-11 16:46:53-04:00,5,1,8,3,3,0,True,3.59554455446
MTA NYCT_6787_1,2018-04-11 16:49:06-04:00,6,1,9,3,3,0,True,2.4177486911
MTA NYCT_6789_1,2018-04-07 17:42:32-04:00,1,3,11,4,6,1,False,3.85722513089
MTA NYCT_6789_1,2018-04-09 16:00:21-04:00,1,0,11,4,1,0,True,1.73330188679
MTA NYCT_6789_1,2018-04-07 17:46:46-04:00,2,3,15,5,6,1,False,2.30361256545
MTA NYCT_6789_1,2018-04-09 16:06:12-04:00,2,0,15,5,1,0,True,1.69323987539
MTA NYCT_6789_1,2018-04-07 17:53:40-04:00,3,3,16,6,6,1,False,1.00211167513
MTA NYCT_6789_1,2018-04-09 16:17:26-04:00,3,0,16,6,1,0,True,1.83305147059
MTA NYCT_6789_1,2018-04-09 16:27:03-04:00,4,0,9,1,1,0,True,2.25055776892
MTA NYCT_6789_1,2018-04-09 16:31:45-04:00,5,1,8,3,1,0,True,2.02790909091
MTA NYCT_6789_1,2018-04-07 18:28:08-04:00,6,4,9,3,6,1,False,
MTA NYCT_6789_1,2018-04-09 16:35:56-04:00,6,1,9,3,1,0,True,1.63320512821
